spam;We at Uspcsolutions is an independent third-party service provider recognised all around the world. We offer world-class services for entire technical devices like printers, laptops, QuickBooks, Email, GPS, etc. Don't hesitate to contact us at any time of the clock whenever needed, we are ready to assist you round the clock for your convenience. We work with the aim of customer satisfaction, thus we offer top class services at a reasonable rate.
spam;تحميل ببجي موبايل تنزيل PUBG Mobile APK للاندرويد أحدث نسخة مجانا من بوبجي موبايل صُممت لعبة ببجي موبايل الرسمية حصريًا لأجهزة الموبايل. بالتالي يمكنك اللعب مجانًا في أي مكان وزم
spam;The area graphs are the plots that demonstrate the quantitative data. R offers the standard function geom_area() to plot the…
spam;تحميل متجر بلاي تنزيل Google Play APK  تحميل متجر بلاي جوجل بلاي سوق بلاي Google Play Store Apk Download تنزيل متجر التطبيقات تحديث متجر بلاي  متجر بلاي ستور المتجر الرسمي لتطبيقات الاندرويد احصل علية الان مجانا  تنزيل متجر التطبيقات جوجل بلاي ستور السوق المجاني للاندرويد
spam;AVS Video Editor 9.5.1 With Crack Full Version 2021 AVS Video Editor 9.5.1 Crack is an effective application for modifying video records. AVS Video Editor Keygen enables you to utilize results and contribution, place menus, sound, scrolls, in addition to subtitles. Additional, this application is also helpful for burning up ( DIGITAL VIDEO DISC ). … Read more
spam;https://aryancrack.com/page/35/#:~:text=Edius%2010.20.7620%20Crack%20%2B%20License,for%20organizing%20and%20sharing%20%E2%80%A6
spam;  Home Solution es la plataforma por eleccion que conecta las necesidades generales de mantenimiento, reparación, renovación y construcción con profesionales recomendados por la comunidad de usuarios.  Somos un equipo de profesionales dedicados al desarrollo de una plataforma de transformación social de alto impacto para el sector de la construcción y la vivienda.  Por eso nuestro servicio incluye encontrar todas esas soluciones para sus proyectos de reparación o mejora.  Plataforma activa en la Argentina, el Uruguay, Chile, el Ecuador, el Perú y Colombia. Marca registrada en todas las Américas.
spam;Staxel Free Download (v1.4.33) With Crack Full Free Download [Latest] Staxel Free Download PC Game pre-installed in direct link. Staxel…
spam; Nous sommes heureux de vous proposer un produit avec le meilleur rapport qualité-prix. N'hésitez pas à nous contacter pour de plus amples informations, nous vous ferons une offre sur mesure. Grâce à nous, vous ne trouverez rien de mieux.
spam;Abudhabicarpet. ae is Abu Dhabi’s best Carpet Abu Dhabi industry brand as we have all varieties of carpets. We offer the best carpets fixing and fast installation services in Abu Dhabi. We also offer different specifications and sizes of carpet as per the demands of our customers. We are the best choice for our customers' demand.
spam;My name is Pooja Sharma and I am one of the Best Delhi Escorts Service providers for your requirements. Just like we need food we also need to enjoy life to live a happy and healthy life. I know, you may have not had a good experience while engaging with different partners but believe me.
spam;Mister Mechanic is offering a brand new forklift in a variety of models and sizes at market rates. Call our forklift selling company to find the right forklifts for your business. You can also buy used material handling equipment from us. We have both new and used material handling equipment from the world's leading manufacturer.
spam;I am eva kai independent tech service provider offering a range of services to customers.Additionally, i here by providing  information to help customers in solving their issues. so, if you are facing any kind of issues related to cash app then you can directly contact me through cash app customer service.
spam;Hi! My name is Nick Hunter. I am working as an educational content writer at The Academic Papers in the United Kingdom. I have seven years of experience working as an academic writer. I have completed several tasks and submitted them within the time limit. We provide dissertation editing services. If you face any difficulty writing your academic papers, feel free to ask me anytime, and I will guide you.
spam;With Prime Video Watch Party, you can chat with up to 100 friends in the same country while you watch movies and TV shows online together. For content included with your Amazon Prime membership or Prime Video subscription, you need an Amazon Prime membership or Prime Video subscription to start or join a Watch Party.
spam;All the people who are looking for assignment help services in UK we provide best services provider for Online HND Assignment Help services is helping number of students in their Project to improve their grades in exam with our wide vision of Providing more assignment related services we are now decided to add Dissertation Help UK
spam;Hello Hi! I am a  technician, I recommended you Any technical Service worldwide. You have any issues with technical service just see our website.
spam;Pestosol Pest Control Services In Hyderabad has been the leading and the reputed pest control company in India. We have been offering services to fulfill the needs of the residential and commercial properties.
spam;When you are faced with an assignment that is causing you a lot of trouble, Great assignment help will come to your rescue. We offer complete assignment help to students all over the UAE so that they don't have to shoulder the entire academic burden alone. Our online assignment help services are extensive and cover a wide range of academic assignment-related issues, including providing complete solutions to problems, performing corrections and proofreading on your already completed assignment to improve its appearance, providing free plagiarism checking services so you know exactly what your assignments contain, and providing a free referencing generator that allows you to generate references in any format.
spam;Hi, this is Ashnai Mittal from Hyderabad Escorts, and I will add lots of colorful vibes to your life. If your life is way too boring, disappointing, or just plain stagnant, then you really need me, this super sexy, interesting & enjoyable company to add colors of zest & zeal into your life. Who in this world does not want to de-stress themselves from the bad vibes of life, or even realities wherein you get to meet your hot shot us like our damsels, who will make you feel hearty, sexy & cheerful in a way that just spellbinds their senses.   Visit Us:- https://www.ashnaimittal.com/
spam;Akhsrrjack lives in the US and works for the buy marketing thesis - a USA-based academic writing company. His responsibilities here are to manage & solve queries of students related to Information technology assignment help, dissertation help, and other IT-related concerns.
spam;Hello, everyone. I'm David, an online education expert. The majority of students wonder, What are the benefits of online assignment help and support? One of the primary benefits is that you may get assistance from an expert at any moment. Students may use the internet at any time.
spam;Windows Server 2022 Build 20303 Crack + Registration Key Download 2022 Windows Server 2022 Build 20348 Crack is the latest operating system (OS) of the server launched by Microsoft. It was developed almost at the same time that Windows 10 was also developed. In this sense, the Windows Server 2022 crack is also compatible with…
spam;I am James Warner like to remain up to date with latest software technology. We are a reliable third party support company, offering technical support for various types of technical errors. If you are facing any problems you can call Facebook Number. We provide you cost-effective support services suiting your budget.
spam;Howdy, everyone. I'm Matt. I am a senior customer representative. Several consumers are curious about the ' 1and1 email settings Outlook.' Open Outlook and go to Account Settings. Set up a new email address. 'Server Settings' must be enabled and then click Next. Press Next after selecting Internet Email Addresses.
spam;Hi! I am a Milan Petrocy. I am working as a Technical Expert for Digital Marketing. And also interested in web development EBay Customer Service
spam;Wiki Pluck is giving an opportunity to prove your talent with tech world. If you have any ideas you can share with us. We will review your article and publish in our website.
spam;Oddway international is a global based Pharmaceutical Distributor and Wholesaler. Our products consist of Anti-Cancer drugs, anti-biotics drugs, Erectile Dysfunction medicines, Skincare products among others. We have huge product list of top manufacturer like Sun Pharma, Cadila, Zydus, Cipla, Dr. Reddy, Emcure, and many others. We carry our product ranges to international markets such as USA, UK, Germany, Netherlands, Singapore, Thailand, China, Japan, etc.
spam;HELLO, PLEASE VISIT MY WEBSITE
spam;Kate Bishop Purple Jacket
spam;I am the senior graphic designer and I have 6 years of experience.
spam;Kızlık zarı dikimi, tıp dilinde himenoplasti ya da hymenoplasti olarak biline bir cerrahi yöntemdir. Genellikle cinsel ilişki esnasında bozulan kızlık zarının kalıcı ya da geçici onarım işlemine verilen isimdir.
spam;Financial Analyst at a leading lending firm in India with 15+ years of experienced in providing advice on instant personal loans and home loans in India.I can advice you on how you can avail best personal loan interest rates. Apply Personal loan in Pune
spam;8 Ball Jackets
spam;Nous sommes heureux de vous proposer du travertin avec le meilleur rapport qualité-prix. N'hésitez pas à nous contacter pour de plus amples informations, nous vous ferons une offre sur mesure. Grâce à nous, vous ne trouverez rien de mieux. Rendez-vous sur https://www.espace-travertin.fr/
spam;Djobzy stimulates human values by showing up and offering a helping hand to one another and overcoming daily tasks that others may need to help them with one stride at a time without any long term commitment, Djobzy brings the best of us out.
spam;Netflix Party is a new way to watch Netflix with your friends online. Install Netflix Party to synchronize video playback and do group chat.
spam;Getting a family tree maker helps support online. We are a FAMILYtree maker upgrade centre providing genealogy software help, family tree maker support for windows 7 windows 10, MAC. Live Chat and Call support.
spam;I am a professional essay writer and provide essay writing service. I have 5 years of experience. Feel free to contact me for essay writing service.
spam;I am a Freelance Assignment Writer at MalaysiaAssignmenthelp.com, We have a huge team of 2000+ native writers who are available any time to help you with your assignment work.
spam;As a new user, you might get an issue while using the cash app. This issue requires the technical helping hand of cash app customer service experts. The entire all problematic situation related to the cash app will be immediately fixed by the techies. So, get in touch with them via helpline number. https://www.online-digihub.com/payment/cash-app-customer-service
spam;Digiml is an award-winning agency, proud to have built websites for countless companies in many different industries with the help of our Website Design Services in New York experts. Isn’t it time that you let your website work for you? Contact our website design agency today to learn more about our comprehensive and customized web solutions.
spam;Do you want to obtain the best family law advice? Reach out to our expert lawyers, who will use their unique approaches to provide you with the best results. We know how crucial the situation is while having disputes in the family; that is why we are here to advise you wisely to grab what you deserve!   Address: #360, 5620 - 152 Street Surrey, BC V3S 3K2, Canada Contact No: +1 604-757-4455 Opening Hours: Monday to Friday 8:30 AM-4:30 PM Saturday-Sunday: Closed.
spam;The term covers a scope of interlaced callings. Two general branches would be equipment and programming.
spam;I am philip clark, a United States based professional in the Service industry and i have 12 year experience and We are a reliable third party support company, offering technical support for various types of technical errors. If you are facing any problems you can call Google Number. We provide you cost-effective support services. We are providing service regarding Can I talk to a live person at facebook problems like-https://www.7qasearch.net/blog/talk-to-a-live-person-at-facebook/
spam;Hello! I'm Mark Wilson if you want to check cash app balance and know about whether chime works with cash app or not, then you can visit my site:
spam;Hey There, I am Sofia Carter. You must've purchased a new printer. However, you may be startled to learn that it isn't working correctly owing to a lack of required drivers. To get started, go to 123 hp.com/setup. Enter the model number of your printer. Save the relevant printer driver file to your computer. Select the Download option.
spam;A combination of practices can also be referred to as technology. It refers to humanity's existing understanding of how to combine resources to create desired products, solve issues, meet requirements, or satisfy desires.
spam;Are you looking for class helper to take my online class? Then you're in the right place. Besides being academics, many of our professors are authors, journalists, and researchers; after completing your online courses, you will recognize the outstanding quality of their work. So, what are you waiting for? Contact us, fill out the form, and take advantage of our services.
spam;Hii my name is Jimmy Andrew . I am from the technical team if you are facing some issue related to hp printer then you can visit on this link 123.hp.com/setup 3830. Here you can find the best solutions of your problems related to hp printers models.
spam;Hi, I am Alina. If you are looking for SEO for Doctors so, you are in the right place. Here we provide SEO Services at affordable prices as per our consumer budget. Also, we have a well knowledgeable team who gives you the best results. Whether it’s in website traffic, ranking, organic keywords, etc.
spam;Hello. Butler Kaci here, a customer support representative. Many individuals enquire about Roadrunner email settings. Roadrunner email setup may be done one of three ways: automatically or manually configure Roadrunner email settings.
spam;I am David like to remain up to date with latest software technology. We are a reliable third party support company, offering technical support for various types of technical errors. If you are facing any problems you can call Cash app Number. We provide you cost-effective support services suiting your budget.
spam;Hi, Myself BaronCorrz. I have 10 years of experience in tech support. we are the best tech support company. our company has more technical experts to resolve epson printer problems and solutions. If you are facing any technical issues related to Epson printer, my printer technicians have the technical potential for solving this issue efficiently. Our Epson printer troubleshooting experts are very experienced to solve the issues immediately.
spam;PerthIsOk is a travel guide blog website and covers all famous tourist places, things to do, places to drink, places to eat, places where to go and best places to see in Australia. The ultimate local guide to Perth, Western Australia. A one-stop-shop for everything to eat, drink, go, see and do in Perth and beyond.  42/119 South Terrace, Fremantle 6160, Australia (615)698-5623  hi@perthisok.com
spam;Hi, I am Kajal Aggarwal, I am working as an education consultant in India. If you are looking for Courses after 12th, then you must visit India's largest growing education platform, Spin On Education which provides the best entrance exam preparation material and counseling.
spam;Hi, I am John Smith, I am working as a technical manager at email support. I have 3 years of experience in this field. If you have any problems related to COX email issues, then please contact us for help related to email problems.
spam;I am tony, as a tech Support executive reachable all day and night to determine various types of technical errors regarding cash app. i m here to provide you cost-effective support services for cash app. If you are facing any problems you can visit my blogs:
spam;Avast Mobile Security is available in two versions: free and premium. Individual users, on the other hand, will find the free version to be ideal. Antivirus simply prevents problems caused by a third-party virus, and if you're looking for the best way to fix content://com.android.browser.home/index, well, I can't say much more than that, but I recommend looking around because this article allows you to download the Antivirus apps for Android phones
spam;With companies demanding a greater level of sophistication from their Electronic Point of Sale (EPoS) system it can be hard to choose the right combination of hard and software for your company. This can be especially difficult for Trade and Wholesale businesses as most products on the market are directed at retail and hospitality industries. Wholesalers and B2B companies have a completely different set of needs to those of shops, cafes and tourist attractions and in the past the features that they require to keep a closer control of their stock and accounts have not been well documented.  A good example of a key Wholesale EPoS feature would be unlimited quantity purchase features. Unlike B2C companies, the numbers of products that are bought at any one time tend to be much higher with Wholesalers. Products are bought in bulk and quantity levels can run into hundreds if not thousands of products. Therefore an ideal solution would be an EPoS system that has the Back Office Accounting functionality to handle these levels of stock. Traditionally this has been a key problem with many accounts packages unable to handle these figures.
spam;Microsoft Dynamics SL has driven business success since the 1980s, back when the product was known  simply as  Microsoft Dynamics Solomon, and before it was acquired by Microsoft. Even now, small and  medium enterprises rely on Microsoft Dynamics SL 2015 and Microsoft Dynamics SL 2018, the most recent  versions of the product, to drive their finances and operations. However, as more and more companies  move to cloud-based ERP systems with virtually unlimited support timelines, it’s becoming more  difficult to justify remaining on SL and dealing with versioning hurdles every few years. For this  reason, an increasing number of MS Dynamics SL users are migrating to Microsoft Dynamics 365.
spam;The video wall market size is expected to grow from $4,118.03 million in 2013 to $17,956.26 million by 2020 at a CAGR of 23.44% (2014-2020). Newer applications and uses are continuously being devised for this technology, which would further propel the market in the coming five years. This growth is heralded by the growing hospitality segment for the video wall market. As far as the strategic focus areas for key players are considered, the most important area to focus on would be technology innovations and new product developments rather than the existing product developments. This is because striving for product differentiation would boost a player ahead in the competition in the current scenario.
spam;JeewanGarg is a provider of the best SEO Services in Delhi and SEO Services in India. This digital marketing agency is based in Faridabad and now holds a decade of experience in SEO, Social Media Marketing, PPC, Web Development, Conversion, Optimization, etc. Jeewangarg serves a variety of clients in a range of industries. With splendid technical knowledge and industry expertise, JeewanGarg, the leading provider of SEO Services in India, has run extraordinary successful campaigns for clients. If you want to be the king of SERPs, let JeewanGarg take charge of your SEO campaign to overcome a blend of solutions.
spam;Acharya Bangalore Business School: ABBS is Ranked among the top mba colleges in bangalore which provides best MBA /PGDM and Management Programmes.
spam;ABBS SM  is Bangalore's one of the top Bangalore Business School  and best mba pgdm colleges in bangalore. It is know for its distinctive teaching With 100% Placement Assistance Top PGDM Colleges in Bangalore |
spam;Looking for small line of credit to meet your financial needs? Apply for mini loans with us and get instant approval in 3 minutes. Enjoy hassle-free and fast disbursal on loans up to ?1 Lakh at lowest interest rates. Apply now!  https://nirafinance.com/
spam;Taking the assignment writing help is a very simple process and anyone can do it just sitting at home. If you have a stable internet connection, online payment method, and consent to buy the assignment writing assistance then you can do it in very simple steps. Firstly select the website that gives Assignment Help and register there as a user. After that, you have to submit few necessary details and you will be redirected to the payments page. Once you pay the money then you are ready to get assistance from a qualified assignment helper. This way you will get the best assignment help within your budget and you will be happy with the assistance that is given to you. Buy the assignment writing assistance from online platforms because it is completely safe.
spam;Hallo, mijn naam is Ellis Roks. Ik woon in Amsterdam, Nederland en heb mijn studie gevolgd aan de University of Technology Amsterdam. Ik ben technisch ingenieur bij Amazon bellen Nederland.
spam;Is your Outlook not able to access the data file? Well, that’s a pretty common error with Outlook and it haunts many users worldwide. We are a team of email experts who can help you resolve the error Outlook data file cannot be accessed using some simple tricks. Whenever this error appears on the screen it generally comes associated with an error code 0X8004010F and it won’t let you send or receive emails. The reason that crops up this error is corrupted Outlook profile and hence sometimes the users have to create a new Outlook profile to eliminate the problem. If you do not want to mess up with your Outlook, then we will suggest you immediately contact the Outlook exports and get your query resolved.
spam;CityZor is a people search service. It would be best if you remembered that the CityZor search is a people finder done only with the help of public legal data and cannot be a reason for discrimination of any kind, from hiring to deciding on a loan or renting a house. CityZor is a best friend to make a people lookup.
spam;Dr. Ralph’s Automotive Services was established in 1976 by Ralph Sposato and is operated by himself and his son, Franco. Ralph’s passion for cars and automotive technology started at a young age. He was determined to be a great mechanic.
spam;If you are searching for the best health advice and online best medication to get the abortion then you can talk to our health expert at who is available for you 24*7. The most selling products at our site are Cytotec, MTP Kit, Abortion pill pack. You can buy MTP kit online at affordable prices and all are FDA approved. Our goal is to reach out to all the women's, who all are willing to terminate their pregnancy safely at home. Just buy abortion pills online at reasonable costs from plannedmaternity.com. We have various offers on your pill that keeps varying time to time and will also help you with your next purchase.
spam;Hey sweetie, are you alone at home and reading about me, if you want to meet me then come on guys, don’t waste your time thinking too much about me. I am Pooja Rathor, a popular sexual star from Jaipur Escorts service. I am too busy giving you satisfaction and pleasure. I have all possible different way to excite you in bed and give you extra level of crazy sex session. Get ready to enjoy the hard sexual ride and be ready to enjoy sex in various sexual positions in sensual way. I have a lot of different sexual ways which are filled with fun and pleasure. If you want to enjoy sex session through online cam show and video calling service then choose as your personal sexual partner I am always ready to offer you pleasant sexual enjoyment. Choose Russian Models from Jaipur Escorts Service Independent Jaipur Escorts service has various options to seduce you and to fulfill all your erotic desire. Enjoy lot of love and sex with different type of sex maker, Jaipur escorts service serve you different type of girls, like Russian escorts, housewife escorts and lot of more escorts who are always up to offer you different type of enjoyment.  <a href=http://www.poojarathore.com/>Independent Jaipur Escorts</a> <a href=http://www.poojarathore.com/>Jaipur Call Girls</a> <a href=http://www.poojarathore.com/>Female Jaipur Escorts</a> <a href=http://www.poojarathore.com/>Escorts Service in Jaipur</a>  <a href=http://www.anusaxena.com/>Bangalore Escorts</a>  <a href=https://www.manvikakkar.com/>Mumbai Escorts</a> <a href=http://www.shreyasehgal.in/>Female Delhi Escorts</a> <a href=http://www.kiranbajaj.com/>Independent Bangalore Escorts</a>  <a href=http://www.poonamdas.com/>Delhi Escort</a> <a href=http://www.diljotkaur.com/>Chandigarh Escorts</a>  <a href=https://www.ashnaimittal.com/>Hyderabad Escorts</a>  <a href=http://www.poojarathore.com/>Jaipur Escort</a>  <a href=http://www.kiranbajaj.com/>Independent Bangalore Escorts</a>  <a href=http://www.parmilajha.com/>Gurgaon Escorts</a>   <a href=http://www.lavanyakaur.com/>Lucknow Escorts</a>  <a href=https://www.shwetamahajan.com/>Delhi Call Girls</a>  <a href=http://www.komalshetty.com/>Mumbai Call Girls</a>  <a href=http://www.harmitkaur.com/>Chandigarh Call Girls</a>  <a href=http://www.shreyasehgal.com/>Hyderabad Call Girls</a>   <a href=http://www.sonaidas.com/>Bangalore Call Girls</a>  <a href=http://www.malaikaroy.com/>Chandigarh Escorts Service</a> <a href=http://www.anchalkapoor.com/>Jaipur Call Girls</a>  <a href=https://www.delhiescorts.club/>Delhi Escorts Service</a> <a href=http://www.nirgun.in/>Mumbai Escorts Service</a>  <a href=http://www.lovelyrani.in/>Chandigarh Escorts Service</a>  <a href=http://www.lovepreet-kaur.com/>Hyderabad Escorts Service</a>   <a href=http://www.alishajain.com/>Bangalore Escorts Service</a>  <a href=http://www.ayeshakaur.com/>Jaipur Escorts Service</a>  <a href=http://www.preetkaur.com/>Independent Delhi Escorts</a>  <a href=http://www.anupreetkaur.com/>Independent Mumbai Escorts</a>  <a href=http://www.namritakaur.com/>Independent Chandigarh Escorts</a>   <a href=http://www.drisina.com/>Independent Hyderabad Escorts</a>  <a href=https://www.xnewtube.com/>Live Sex Video</a>  <a href=http://www.divyaangi.com/>Female Mumbai Escorts</a>  <a href=http://www.dritikaur.com/>Female Chandigarh Escorts</a>  <a href=http://www.sujataarora.com/>Female Hyderabad Escorts</a>  <a href=http://www.deepalimehra.com/>Female Bangalore Escorts</a>  <a href=http://www.harshitakaur.com/>Delhi Escort</a>  <a href=http://www.kimkaur.com/>Mumbai Escort</a>  <a href=http://www.navleenkaur.com/>Chandigarh Escort</a>  <a href=http://www.nidhidixit.com/>Hyderabad Escort</a>  <a href=http://www.lovelyrani.com/>Delhi Call Girl</a>  <a href=http://www.eashwari.com/>Mumbai Call Girl</a>  <a href=http://www.shiplichawla.com/>Escorts in Delhi</a>   <a href=http://www.renubansal.in/>Escorts in Mumbai</a>  <a href=http://www.monika-tiwari.com/>Call Girls in Delhi</a>  <a href=http://www.jasminder.com/>Call Girls in Mumbai</a>  <a href=http://www.delhicallgirls.club/>Escorts Service in Delhi</a>  <a href=http://www.poonamgupta.com/>Escort in Delhi</a>  <a href=http://www.mahima-singh.com/>Independent Escorts in Delhi</a>  <a href=http://www.madhavipatel.com/>Independent Escort in Delhi</a>  <a href=http://www.russianescortsindelhi.com/>Russian Escorts in Delhi</a>  <a href=http://www.shilpichawla.com/>Delhi Escorts</a> 	 <a href=http://www.preetshetty.com/>Delhi Call Girls</a>  <a href=http://www.kavitabatra.com/>Delhi Escorts Service</a>  <a href=http://www.komal-gupta.com/>Female Delhi Escorts</a>  <a href=http://www.lovelykaur.com/>Independent Delhi Escorts</a>  <a href=http://www.priyankaagarwal.com/>Mumbai Escorts</a>  <a href=https://www.nishaa.in/>Mumbai Call Girls</a>  <a href=http://www.amarleen.com/>Independent Mumbai Escorts</a>  <a href=http://www.dilkaur.com/>Call Girls in Delhi</a>  <a href=http://www.minikaur.com/>Escorts in Delhi</a> 	 <a href=http://www.dhavni.com/>Female Mumbai Escorts</a>  <a href=http://www.mumbaifemalemassage.com/>Mumbai Female Massage</a>  <a href=http://www.mumbaifemalemassage.com/>Massage Center in Mumbai</a>  <a href=http://www.massagecenterindelhi.com/>Massage Center in Delhi</a>   <a href=http://www.delhimassageservice.com/>Delhi Massage Service</a>   <a href=http://www.delhinightmassage.com/>Delhi Night Massage</a>  	 http://www.poojarathore.com/ https://www.manvikakkar.com/ http://www.anusaxena.com/ https://www.delhiescorts.club/ http://www.kiranbajaj.com/ http://www.shreyasehgal.in/ https://www.ashnaimittal.com/ https://www.shwetamahajan.com/ http://www.lavanyakaur.com/ http://www.anupreetkaur.com/ http://www.poonamdas.com/ http://www.poonamdas.com/ http://www.komalshetty.com/  http://www.harmitkaur.com/ http://www.diljotkaur.com/ http://www.shreyasehgal.com/ http://www.ayeshakaur.com/	 http://www.parmilajha.com/ http://www.anchalkapoor.com/ http://www.delhicallgirls.club/ http://www.lovelyrani.com/ http://www.malaikaroy.com/ http://www.lovepreet-kaur.com/
spam;our experts provide the Best SEO Agency In Chennai in order to optimize the websites. Also, we calculate the sales conversion strategy to attain a high return on investment. We have generated a 100% success rate with the clients we have worked previously.
spam;McAfee Active Response is a leading innovation in finding and responding to advanced threats. McAfee Active Response Details for more details 18888328409 mcafee login mcafee internet security mcafee total protection
spam;Shop Poshpuppy boutique for the best [dog Halloween costumes](https://www.poshpuppyboutique.com/collections/costumes). Check out our wide selection of costumes for Christmas, Halloween, and many more. We have a wide range of dog costumes in different colors available at very affordable prices. If you want to know more in detail about our offers and services. Visit our website today
spam;https://joinlive77.com/
spam;A certified WAN professional is an expert who deals with wide area networking technology for the business. They supervise the installation, maintenance, and of a wide area network and associated computer hardware and software.  Wide area network (WAN) is a data network, typically used for linking computers, that spans a wide topographical area. WANs can be used to connect cities, states, or even international boundaries. WANs are often utilized by bigger corporations or organizations to facilitate the interchange of data, and in a wide range of corporations with facilities at multiple locations have embraced WANs
spam;RJ truck driving school in Mississauga offers courses for driving all kinds of vehicles beginning from a class G1 passenger vehicle to class B-Z and Class A-Z trucks and trailers. With expert staff and advanced equipment, they offer In-depth lessons with behind-the-wheel training for complete skill development of the students. Their safe and reliable latest technology offers quick adaptability to the learners along with real-time experience. If you want to be a skilled driver Contact Now– +1-416-414-4171.
spam;ZenDealer,We represent considerable authority in working with free vendors who treat their business appropriately, and are keen on taking it to the following level.
spam;Hey, I’m Nova  Smith, as a tech Support executive reachable all day and night to determine customer’s queries. Whenever you encounter any issue related to Cash App Dispute whether it’s a major or minor one, you can make contact with me and we both will resolve all gmail problems like queries within a pinch of time.
spam;I’m paul smith. I am a travel blogger having an unlimited desire for travel and adventure.I’m not into a typical kind of life, nor do I follow the norms. Everyone thinks that traveling is always too expensive, and there’s minimal scope to it.But, being a travel blogger for so long, I have now been working with airtravelmart. So you can follow me for updates on anything about traveling as well as exciting deals from all the big and small airlines. Number +1-860-579-6800.
spam;Assignment help sustains and promises that assignment quality parameters will always be maintained and no flexibility in terms of assignment quality may be considered. We always promise to provide top-quality work, which will help you boost good grades for each assignment. So what to think now, book this service from us today and get rid of the burden of assignment.
spam;JMeter is a software testing tool to measure the performance of web applications. It performs various aspects of software testing such as performance testing, load testing, stress testing, functional test, database server test, and regression test. JMeter Training in Chennai offers the best training through experienced industry professionals. FITA Academy is the best JMeter Training Institute in Chennai because, after completion of the course they will provide placement assistance.
spam;Law Assignment Help is One of the most challenging fields of study to qualify for is the law. It is so huge that categorizing its various areas will not suffice. If one wants to pursue a law degree, he will be inundated with legal case studies and tasks.
spam;My name's Paz Paz but everybody calls me Paz. I'm from Netherlands. I'm studying at the high school (final year) and I play the bass guitar for 10 years. Usually I choose music from my famous films). I have two brothers. I like swimming. To know more about me kindly visit: http://yhn777.com/
spam;Microsoft Dynamics SL has driven business success since the 1980s, back when the product was known  simply as  Microsoft Dynamics Solomon, and before it was acquired by Microsoft. Even now, small and  medium enterprises rely on Microsoft Dynamics SL 2015 and Microsoft Dynamics SL 2018, the most recent  versions of the product, to drive their finances and operations. However, as more and more companies  move to cloud-based ERP systems with virtually unlimited support timelines, it’s becoming more  difficult to justify remaining on SL and dealing with versioning hurdles every few years. For this  reason, an increasing number of MS Dynamics SL users are migrating to Microsoft Dynamics 365.
spam;Alqusais Garage Oil Change and Auto Mechanic Services Changing your automobile oil every 4,000 miles is the most essential protection service you can have completed on your auto car. Habitual oil changes assist makes sure that your automobile is performing well by broadening the life of your vehicle engine.
spam;Welcome to Mumbai Luxury Escorts Service Agency. We offer a wide range of beautiful female Escorts in Mumbai with loving service.
spam;Betting Disorder Is Conduct Which Causes Interruptions In Any Significant Everyday Issue: Mental, Physical, Social Or Professional. Caso Time It Is A Reformist Habit Described By Expanding Distraction With Betting, A Need Toverse Results.
spam;Kindly visit my website
spam;Link ini alternatif daftar pkv games adalah tempat kumpulan daftar pkv games terbaik dan terpercaya di indonesia dengan menyediakan 11 permainan terbaik dan seru sekali untuk di main kan.
spam;ดูหนังออนไลน์ใหม่ๆ หนังชนโรง ไม่ต้องดาวน์โหลดให้เสียเวลา รับชมผ่านหน้าเว็บได้เลย
spam;please vist
spam;airtravelmart.com is a one-stop platform that facilitates flyers with incredible deals and discounts. Get hands on jaw-dropping deals and fly without shelling out your dollars. Endless flight options are available, pick the right one and feed the wanderer in you to the maximum extent.
spam;Are you looking for any Graphic Designing Agency in Delhi who can create and design creatives for your Facebook page and help you with your campaign as you wish, Click Web India Agency in Delhi which is a Graphic Designing Agency Is. Makes you creative, and helps promote your business and reach people. more for info contact us 9540754027.
spam;If you are suffering from black magic and to get rid from it so you can contact to    our Astrologer for the best solution.
spam;Clean and healthy teeth not only give them the confidence of smiling in front of everyone, but it also keeps you healthy and hygienic.  To get more information visit: Official Address - SCF 14, Infront of Platinum Tower, Near Tricity Plaza, Trishla Road Peermuchalla, behind Sector 20, Zirakpur, Punjab 160104 Phone No - 9501263000 Working Hours - Morning: 10AM to 2PM Evening: 4:30PM to 8PM Sunday Morning: 10AM to 2PM Sunday Evening: Appointment Only Emergency: 24x7
spam;Download Fantasy Power 11 Fantasy Cricket Best App know the Fantasy Cricket Tips and win huge Cash Prizes Fantasy Power 11.
spam;Looking for Remonte Shoes in Canada? Fortunately, you have been browsing the right website to shop for a perfect pair. Becker Shoes has a variety that everyone loves and admires and eventually ends up buying. This footwear is lightweight and offers the utmost comfort and support. Purchase online with us today. Contact Details:  Address: 70 Sandford Fleming Dr, Collingwood, ON L9Y 4V7, Canada  Phone: +1 705-445-7490  Email:info@beckershoes.com
spam;Having the right footwear keeps the feet warm and cozy. The shoe support has to be perfect. The shoes offer a stance to a body. Buy the finest range of footwear in Canada from Shoe Club. We have lots of for MEN'S, WOMEN'S and KIDS normal, formal, safety footwear. Also, check our NEW ARRIVALS in all of them. Contact details:   Address: 151 Carlingview Drive, Unit 6 Toronto, ON M9W 5S4  Phone: 416-679-8884  Email:shoeclub@shoeclub.com
spam;These days it difficult task for the students to performed well and get praised in front of their schools and colleges for their working efficiency for the assignment. That’s why we are here representing the assignment helper that can nourish your performance in a definite manner.
spam;Many people have also benefitted from Vashikaran Specialist NK Sharma as he has helped many couples to reduce love issues while some people’s life has become normal with its use.
spam;At Navratan we have a pool of professional in-house artisans that are experts in creating gemstones with beauty and power. The gemstones are made naturally by Mother Nature, which is later crafted and bought to life by our professional artisans. We have a collection of precious and natural gemstones that are collected from various parts of the globe and then brought under one roof together. The magnetic power of the 9 planets got popularity in the courts of Akbar The Great who was blessed with a rich heritage of India. `
spam;Basically, content://com.android.browser.home/is the default name of your landing page on your Android gadget. Your cell phone is constantly coordinated with a default program, and that default program is set to the previously mentioned landing page that is characterized on the framework.  For more information about: <a href=https://techcrazee.com/content-com-android-browser-home/>content://com.android.browser.home</a>
spam;We are very creative in planning tours, according hospitality at the highest of points through our advisors, guides and consultants. In doing this, we never forget that your satisfaction MUST be given the highest priority. Therefore, we modify our safari packages, group and private tours on both mid-range and luxury.
spam;The limousine adds class and elegance to every occasion. Whether it's a prom, wedding, or any other special occasion, the passengers will arrive in style and treat you like royalty, providing the finest level of comfort and elegance. Lux Plus Limo offers limo rental services in Toronto. We have excellent fleets at our disposal.  Address: 2401 Ellesemere Road, Unit 3, Scarborough, Ontario, M1G 3M8 Canada Phone details: 416-840-9840 EMAIL:  info@luxpluslimo.com Hours : Mon - Fri : 09am to 06pm Sat - Sun : 10am to 04pm
spam;Apps similar to TaskRabbit are used for jobs that we do in our homes including cleaning, gardening, animal care, plumbing, transport, etc. Now you can commence your business in the online world through ServiceRabbit.
spam;Hi friend visit my site
spam;I am Alewek, living in Texas for more than ten years. I am working for a concern that instructs the people about Epson printer driver and their new arrivals. My great passion is bringing knowledge to the people who are searching for printer setup and driver installation. Visit my website for more updates.
spam;Hi, I’m Daniel Jackson. I am a travel blogger having an unlimited desire for travel and adventure. I’m not into a typical kind of life, nor do I follow the norms. Everyone thinks that traveling is always too expensive, and there’s minimal scope to it. But, being a travel blogger for so long, I have now been working with cancellationflights. So you can follow me for updates on anything about traveling as well as exciting deals from all the big and small airlines.
spam;canon printer setup Expert team is always there for you. Here, grab the best technical advice for ij.start.canon and setup. Install the printer driver, USB driver on your Windows and Mac to get the printout hassle-freely from your Canon printer For More Details +1-888-832-8409.
spam;The healthcare sector are considered recession-proof stocks that do not stop working during bad periods. Easily saying, the healthcare industry does well in recessions. Pharmaceutical firms like Johnson & Johnson benefit because of the stable demand of its products. To invest in the recession-proof stock, contact The Phoenix Asset Consortium Ltd.  Address: 190 ATTWELL DRIVE, SUITE 680, TORONTO, ONTARIO M9W 6H8  Contact: 4166790580
spam;Hi, I am John Seena, I and my team collectively offer you an online space where you hire writers for your academic work. We have highly qualified professionals in our team who are experts in providing Assignment help Australia. Our experts provide you high-quality academic content that is plagiarism-free and globally accepted by all teachers and professors. Thus if you are a student who is searching for any kind of academic help then you should take the required help from a reputed academic writing service provider. In case you have any doubt, ask me.
spam;Hi, I am John Smith, I am working as a technical manager at email support. I have 3 years of experience in this field. If you have any problems related to the Reset iCloud Email Login Password, then please contact us for help related to email problems.
spam;The forklift vehicle comes in various types and helps to safely load and move materials from one place to another. If you want to purchase top-quality used forklift parts in Surrey, then you can also call Lanz Mechanical that also keeps a complete collection of forklift parts both new and second-hand.
spam;My name is Chris Demon and I 'm working at a travel agency.With every reservation that I make, I give special attention to exactly what my clients are looking for and what is important to them.
spam;https://joinlive77.com/
spam;Anagram Media Labs, Generating revenues and boosting your ROI better than ever. We do online marketing by Google ads, Facebook ads, native advertising and everything that fits under the umbrella of Performance Marketing Agency
spam;https://joinlive77.com/
spam;https://joinlive77.com/
spam;https://joinlive77.com/
spam;Hey There, I am Sofia Carter. If you are shifting your Office setup to a different device, you need to reinstall the MS Office setup. Visit www.office.com/setup and log in to your MS account. After that, follow these steps.
spam;I'm an academic writer.
spam;Umumnya, bangunan dengan pondasi yang kokoh bisa menghasilkan kenyamanan saat sedang mengunjungi atau menempati bangunan tersebut. Sehingga kebutuhan bahan material bangunan seringkali menjadi pilihan utama agar bisa menghasilkan bangunan yang megah dan tentunya membuat para penghuni nyaman. Maka, sebab itulah para developer mencari jenis material bangunan terbaik dan berkualitas salah satunya plang besi yang memiliki kekuatan dan kualitas terbaik dari berbagai distributor dan supplier besi baja dan beton yang memperhatikan sistem produksi pembuatan besi beton tersebut.
spam;icustomerservicenumber.net is a one-stop platform that facilitates flyers with incredible deals and discounts. Get hands on jaw-dropping deals and fly without shelling out your dollars. Endless flight options are available, pick the right one and feed the wanderer in you to the maximum extent.
spam;Hii my name is Jimmy Andrew i am from the technical team if you are facing a problem to setup hp printer then you can visit our site 123.hp.com here you can find every solution related to hp printer.
spam;Hii my name is Alina  Crew . I am from the technical team now days may persons faces issues to mac setup. We have perfect solution for that person you can visit on this link 123.hp.com/setup for mac. Here you can find the best solutions of your problems related setup for mac.
spam;Laetoto adalah webite bandar togel terbaik dan terpercaya. Laetoto akan memberikan kenyaman bermain dan kepuasan untuk para member dan melayani dengan baik, Segera kunjunginya linknya sekarang juga di bandar togel online terpercaya
spam;Webomaze Pty Ltd is here to help you with highly effective search engine optimization services. With our SEO Melbourne solutions, your website ranking and traffic will be improved. Contact us today for your business growth. For any queries, contact us today. Phone Number: +61 1300 101 501 | Address: Level 2/1 Southbank Blvd, Southbank VIC 3006, Australia | Working Hours: Monday to Friday: 9:00 AM – 6:00 PM, Saturday to Sunday: Closed
spam;I am a travel blogger.
spam;If you want your entire family to enjoy one piece of furniture but be able to use it in a variety of ways, a reclining sectional may be the best option. Here at Lastman’s Bad Boy, we have many brands such as Primo, Kwality, Monarch, High society, Signature, Klaussner, and much more!
spam;Cricket Fantasy League with Best play Fantasy Cricket App Play Cricket earn money. Download App to know more Play and win Exclusive Prizes & Experiences, only with Fantasy Power 11.Fantasy Power 11 Fantasy Cricket Best App Download Best Fantasy Cricket App in India & win Cash visit Fantasy Cricket Best
spam;Canon Printer is a hardware used for Scan, Copy & Printing. Different – Different errors can occur when it is connected with any system like Desktop, Laptop, and Mac etc. C
spam;Education is a constant exchange of information between the tutors and the learners. To make this exchange seamless, it is a good idea to bring in technology that educational institutions of any size can use. A customized school education portal is the answer. The administrators of a school can get this done with the help of web portal development companies.
spam;Webomaze Web Design Perth is the Most Reputable Web Design Agency in Perth. You will get an eye-catching and influential site at a reasonable price here. We have a team of creative and dedicated professionals with vast years of experience. For more information, contact us today. Phone Number: (08)63238456 | Address: 175 Hay St, East Perth WA 6004 | Working Hours: Monday to Friday: 8:00 AM – 5:00 PM
spam;I am an ardent blogger with a lot of passion to know more on digital products and their functions. It is simple for me to acquire technical knowledge of several gadgets especially printers
spam;ISO 22301 is for an organization’s Business Continuity Management System (BCMS). This international standard specifies requirements to implement the BCMS performance of the organization. It helps the organizations to monitor, control, manage, and as well as to reduce the business risks. It also helps the organizations to satisfy the statutory and regulatory requirements. Moreover, the ISO 22301 standard enables organizations to protect their business from threatening incidents such asdata leakages, operational IT outages, industrial actions, and missed guidelines, etc.
spam;We provide you a place where you can hire writers for your homework help for Operation management . We have highly qualified professionals in our team who are capable of providing help for Operation management assignments. Our professionals provide you supreme quality assignments that are plagiarism-free and globally accepted by all teachers and professors. So if you are a student who is looking for any kind of academic writing help then you should take the necessary help regarding your assignment. In case of any doubt, feel free to ask us. We are always available for you.
spam;Codella provides High Class escort Services in Bangalore. So If you looking for Bangalore escort Call Girls then Book today. Here you get Best Escorts in Bangalore at Low Rate.
spam;Dycrunch.com is a website introduced in 2021, committed to provide you high quality information relating to various niches like entertainment, travel, lifestyle, gadget, fashion etc.
spam;Installing a dashcam has advantages such as lower insurance premiums. Because insurers recognize the preventative nature, they offer a discount when a camera is installed in the vehicle. AikSphere Technologies, a camera system, and dispatch software provider, sells dashcams.
spam;Our Services:  Services Taxi Melbourne Chauffeur Driver cars Chauffeur Melbourne Airport Wedding Limos Limousine Hire Limo Service Wedding Limo Hire Melbourne Airport Shuttle Luxury Car Hire Wedding Car Hire Airport Transfer and Chauffeur Service  Services Chauffeur Driver cars Chauffeur Melbourne Airport Wedding Limos  Limousine Hire Limo Service. Wedding Limo Hire Melbourne Airport Shuttle Luxury Car Hire Wedding Car Hire Airport Transfer and Chauffeur Service etc.  Chauffeur Cars Melbourne | Airport Transfer | Wedding Car Hire 5 Stoneleigh circuit Williams Landing, Melbourne VIC 3027 Australia 61455304600 bookings.melbournecablimo@gmail.com
spam;Jika seorang anak kecil, menyukai dunia permainannya saja. Maka orang dewasa dapat menambah penghasilan melalui sebuah perminan. Menguntungkan bukan? Ya pastinya. Permainan ini merupakan sebuah permainan di sebuah situs judi, dimana seseorang dapat meraup keuntungan hanya dengan bermain judi saja, tentunya dengan mengikuti arena judi ini, Anda dapat menang ataupun kalah.
spam;Microsoft Dynamics SL has driven business success since the 1980s, back when the product was known  simply as  Microsoft Dynamics Solomon, and before it was acquired by Microsoft. Even now, small and  medium enterprises rely on Microsoft Dynamics SL 2015 and Microsoft Dynamics SL 2018, the most recent  versions of the product, to drive their finances and operations. However, as more and more companies  move to cloud-based ERP systems with virtually unlimited support timelines, it’s becoming more  difficult to justify remaining on SL and dealing with versioning hurdles every few years. For this  reason, an increasing number of MS Dynamics SL users are migrating to Microsoft Dynamics 365.
spam;Power of attorney gives a person the authority to act on matters that were handled by the previous owner. Power of attorney can be given to someone for the whole life or for some duration. Dale Streiman’s powers of attorney lawyers will draft the right document for you. Contact us. Check the details on our website. Address: 480 Main St N, Brampton, ON L6V 1P8, Canada Phone: 9054557300  Hours:  Monday to Friday: 8:30 AM – 6:30 PM,  Saturday and Sunday Closed
spam;To deal with the issues lingering at your workplace between you and your employer or vice versa, we recommend you to take assistance from us. We at Rutman Law have a specialty in dealing with work station issues. Hire the best Mississauga employment lawyer from our firm and get started.
spam;Students often need professional help to cope with the accumulated pressure they can meet in take my online class. These class helpers have biological experts who specialize in their respective fields and are able to provide the much-needed help to clarify concepts and complete coursework. Grades are an important element in student education and this is completely explained to the way in which students work and to the professionals that assist in biology coursework.
spam;Book tour package in india at best price. You can also book adventurous sports, water sports, hot air balloons and that too at discounted prices which makes the traveling completely hassle-free.
spam;https://mgn78.com http://goodcasinofinder.com/ http://greatcasinosite.com https://casinopokersite.blogspot.com/
spam;Hi, I'm Kajal Agarwal. If you are looking for courses after 12th then you must visit Exam Help, which is India's biggest growing education platform that provides the best entrance exam preparation materials & Counseling.
spam;Hi, If you are facing such issues in completing your homework then we have a tool which helps students to complete their homework. This tool will help you with all kinds of assignments. Whether it is my assignment help or reward essays.
spam;I’m jason from newyork city. Working as a technical blogger from leading IT tech in NYC. We provided information about 123.hp.com printer setup, driver download and wireless setup. Have you tired up your 123 hp printer setup. Visit our website. 123.hp.com 123.hp.com/setup
spam;Visit Your Moving Company and hire our Movers in Brampton. Contact us today and take our packers and movers services at affordable rates. Brampton -  25, Peel Centre Drive Brampton, Ontario, L6T 3R5 Canada Phone - 1- 866-222-5978 Business Hours - Monday To Sunday - 8 AM - 8 PM Email - info@yourmovingcompany.ca
spam;Pnj Sharptech is the best website development company in India. This company understands the importance of having an engaging website in today's digital world, and they provide the best service at an affordable price. They know web development is the most crucial key step in managing a successful online presence.
spam;I’m a professional Cheap assignment help working independently as a freelancer. I’m also associated with Assignment helper USA, where I offer Coursework writing help solutions and tools like Online Grammar Checker Help, Free plagiarism check, Free reference generator  makers, Pay someone to do my homework, etc. feel free to contact me at any time.
spam;Surat Call Girls Agency is successfully offering female escort services for all our esteemed clients and tourists in our City. It is absolutely legal and best source where you can meet your sexual desires in a unique way. The best part is our girls are extremely beautiful, well-educated and friendly women that take care of their companion’s desires and privacy all the times https://www.suratescortsservice.com/
spam;We breed and offer Teacup Pomeranian Puppies for sale from AKC champion show dogs. We strive to breed the very best with the purpose of acquiring our next show dog. This type of breeding offers nothing but the best in quality and health for your next puppy.  Website: https://www.pomeranianteacuppuppies.com Address: 35013 Brookside Ct, Franklin VA 28351 Phone No.: +17572806884 Email: info@pomeranianteacuppuppies.com
spam;Our Website advancement Service help's associations discharge their improvement potential by setting out new business freedom.We have confidence in proceeded with business development and notoriety which is made out by a specialist and predictable exertion, by building strong destinations and improving the site execution across web search tools you can set out possible open doors.
spam;Hi, my name is Kevin and I help students with their Essay Writing assignments. I have been providing write my essay services ever since I was a student. With 5+ years of experience in writing top-notch quality essays, I am skilled at writing on any given topic. I guarantee satisfactory results, and unique content within the given deadline. Happy to be at your service!
spam;Gaurish Technologies Pvt. Ltd., currently offer administrations in web, programming improvement, computerized showcasing, website streamlining, open source innovation, web based business, project the executives, and reevaluating and so on...
spam;Track down the best Auction Software for your business. Contrast item audits and highlights with fabricate your list.Join Today and Start Saving.
spam;Affordable Moving , giving simple to-utilize and compelling assets and instruments to assist with neighborhood, significant distance, auto and global moving necessities. A wide range of Moves: Apartment, Home or Business.
spam; Hallo, mijn naam is Elisa Jooren. Ik woon in Amsterdam, Nederland en heb mijn studie gevolgd aan de University of Technology Amsterdam. Ik ben technisch ingenieur bij de Paypal bellen.
spam; Hallo, mijn naam is Tanya Bood. Ik woon in Amsterdam, Nederland en heb mijn studie gevolgd aan de University of Technology Amsterdam. Ik ben technisch ingenieur bij de Mcafee bellen Nederland.
spam;I am a senior react.js developer with more than 4 years of experience. I am expertise in React Js, HTML, CSS, MySQL, JavaScript. I can add value to your business/personal life by giving you the best and most economical React js development services.
spam;I am an ardent blogger with a lot of passion to know more on digital products and their functions. It is simple for me to acquire technical knowledge of several gadgets . I just wanted to help you people who are struggling to set up their devices. Read my site to get useful tips from the user's point of view.
spam;InspiredWall sells responsibly sourced, exotic wood wall panels and flooring, sourced from around the world. Initially, we will focus on interior accent walls, offering recycled teakwood panels from Indonesia.
spam;Pyramidion Solutions Pvt Ltd is a Mobile App Development Company in Toronto that has the most proficient app developers around. We concentrate on excellent-quality Android, iOS, and web development.
spam;Digital Raisers is the best Digital Marketing Training in Jalandhar offers Excellent coaching classes for Digital Marketing Courses such as SEO, SMM, PPC, Youtube Marketing, Content Marketing, Responsive Website design & development training with 100% practical and job oriented. Call 8427210567 for more details about the free demo class, batch timing, or training fee.  Address: Sher Singh Colony, Main Market, Jalandhar, Punjab 144002
spam;Prolific Studio as an Animation Company offers a wide and extensive range of animated video production services with creative ideas and flawless designs in competitive prices and affordable packages. We focus on delivering quality animations.
spam;Zonas online store selling women clothing underwear and accessories all over Australia. Our exclusive products are menstrual and maternity range. We want to cater women's with all their special needs giving them comfier apparel at affordable prices. Our menstrual panties are highly absorbent, leakproof, breathable, reusable, environmental friendly, odorless and easy wash. We have a wide range of sizes, styles  and colors. Soon we gonna launch our maternity and activewear range. That's not enough much more to come, variety of fashionable attires + under garments so keep in touch.
spam;Kamsoft is a spirited contemporary IT company that enables brands to take the leap using advanced technological tools and expert developmental assistance. Since our formation, Kamsoft technologies have accomplished so much in the technological industry and has become one of USA & Pakistan's biggest IT companies.
spam;We are the leading provider of quality tires and exceptional services in New Castle for 25 years. We have 2 service centers that offer a range of services from an oil change, tire replacement to everything your vehicle needs, and delight our customers.
spam;The goal of Williamson Caterers is to meet and exceed our clients’ expectations and make certain that our clients’ enjoy their event as much as their guests.
spam;Our headquarter is in Philadelphia, PA. We have a global existence, operating in the USA, UK, Asia, and Australia. We are serving our clients all over the globe. Regardless of different time zones, our team manages to facilitate and collaborate with them to deliver high-quality services.
spam;Who Are the Best Lawyers in area of Philadelphia and New Jersey History? Search Philadelphia Best Lawyers® Best Philadelphia Law Firms rankings for firms near you by using our website search bar.
spam;Our doctors has a personable and intimate rapport with her patients throughout their inner and outer health journey. She has enjoyed counseling patients and has addressed patients beyond the scope of traditional gynecology. In addition, Our doctors for men in addressing their hormonal imbalances.
spam;Alaqsa Store offers largest variety of Alaqsa Store fresh halal meat near me to your doorstep. Now offering free shipping all over US.
spam;Mister Mechanic is the best place in Canada to repair forklifts in Toronto at a reasonable price. With the help of our technician, we make your forklift and other commercial equipment up to date and safe. Get the best forklift repair services by contacting us.
spam;Hi, this is Katherine and We take pleasure in offering you the most affordable GMX service available to fix issues like GMX mail settings iPhone. Because we are a service company rather than a store, we never charge you for components you don't need. service is an ethereal concept that cannot be seen or touched.
spam;Best Cosmetic Surgeon In Bangalore: Curls & Curves is one of the best plastic surgery & Cosmetic surgery hospitals in Bangalore.Involves restoration, reconstruction of the human body
spam;Make your writing the best it can be, with the support from top experts connected with us. We provide you the solution at the affordable price that you will not find anywhere in the educational writing market in Australia. Hire our professional assignment helper at best price and get plagiarism-free content. My assignment helper online offers 24*7 for programming assignment help.
spam;Digital Marketing Company In Bangalore, India: DigiMark Agency is one of the Best Digital Marketing companies in Bangalore. Ranked among the Top digital marketing agencies in Bangalore. https://www.digimarkagency.com/
spam;Perfect essay Writing is a difficult part of any student’s educational life and custom essay help online make this procedure simple and stress free to the every students. They assure to stand by you as your friend and help to protect your future. We all are experienced with the variation of present education where most experts resolve the issues within a few hours.
spam;I will give you complete help and help in taking in any kind of arithmetic from essential school science to school or college math. We can have customary online meeting or I can give you composed material as you request. We can likewise have lasting everyday schedule or week after week premise instructional exercises and will show you every one of the ideas that can assist you with getting ready for tests or test and will assist you with getting passing marks in school and school.
spam;Buy Generic Cialis 20 MG Tablets To treat Sexual Dysfunction problems in men, get up to 20% savings at Onlinepharmas Online Medicine Store. Read Cialis 20 MG reviews to learn about the drug's dosage, price, and adverse effects. What is the dosage of Viagra 100 MG?
spam;Careayush provides Health Care Services like Patient Caretaker, Elderly Home Care, Physiotherapy services, Home Nursing Services, and many more services in Mumbai & Pune.
spam;Hello If you want to take best commercial pilot training then CEA Aviation is the best training center for you which will change your life. You will become a good pilot, you will be given the Commercial Pilot Training Program in Canada after this training you will be selected for flight in the very first time.
spam;Buy Photo Moon Lamp Online with kateminimalist. Get a Quality Personalized 3D Printed Photo Lamp for your room today.
spam;MSc Nursing College in Bangalore- recognized as one of the reputed & Leading nursing colleges in Bangalore,Ranked among top 10 nursing colleges in Bangalore for its academic excellence. Admissions are open for MSc Nursing
spam;Hi, Greetings of the day, I am “Name”, a financial advisor in a finance management company by my professional and I am a cryptocurrency expert. I take calls from the users regarding cryptocurrency like how to buy polkadot, I love to resolve all their queries. If you are in such kinds of queries then you can connect to me. I will clear all your doubts and queries.
spam;Promotedigitally is an award winning digital marketing agency  that specializes in creating the best digital marketing strategies  for clients across the US.  Our team of creative marketers, designers and developers  collaborate to help you grow your business.
spam;Lucas Parkker is an educated individual with an enthusiasm for versatile advances. He is a general supporter.
spam;SavingChief is a professional website that sharing online products like shoes, electronics accessories, phone accessories, computer electronics, home & garden, home appliances, jewelry, furniture, bags, clothes and more. from many providers over the world.
spam;Exakt sömn är en viktig enhet. Officiellt Generic Provigil (Modafinil) är ett läkemedel som används för att behandla sömnrelaterade problem som sömnighet på grund av narkolepsi och sömnsjukdom i skiftarbete. Köp det från Modafinil247.net nu och bli av med dina ständiga sömnrelaterade problem.
spam;If you are a student who is too tired to work on assignments but the fear of deadline is not letting you to do your work in a better way, then relax. You are not alone in this. There are so many other students like you who just don’t like the thought of working on assignments, some like doing so but they don’t have the right means. In such cases, it is better to rely on professional homework helpers than losing good grades. You can find a genuine expert around you. It is easy to spot such professionals on the web and experience seamless services. Believe you will never regret the decision of hiring experts if you will come across a genuine helper.
spam;Selamat datang disitus kumpulanpkv dimana disitus ini kami menyediakan berbagai situs judi qq online terpercaya dari PKV games. Situs-situs yang kami sajikan di bawah ini sudah kami survei  dimana memiliki tingkat kemenangan yang tinggi di setiap situs tersebut.
spam;Capable of understanding consumer and market mindsets. Based on a precise current and forecast data analysis, offer the most pertinent insights to organizations by implementing the latest market research methodologies.
spam;Please visit my website.
spam;A disability attorney carefully guides clients through the claim process. The injury by third-party has to be investigated to the full, so everything turns out fair. Kotak Law firm's lawyers have secured several settlements. Our experience is significant in the area, so count on us for quality legal representation.
spam;Devops Proxy Support, Aws Interview Support, Azure Interview Support, Devops Interview Support, Devops Proxy Support, Aws Proxy Support, Devops Proxy Interview Support Provides DevOps Online Job Support From India and AWS DevOps, Azure DevOps Proxy Interview Support with experts. Contact Now! 7339826411
spam;Hello, My Name is Thomas Adam and I have 10 years experience in writing articles when you talk Is there anyone who can write my assignments for me immediately, yes, now our expert team in United States of America is ready for your online assignments and exams without any hassle, we have top quality writers who work ahead of time Pay someone to do my homework , our first priority is customer satisfaction.
spam;Hey, my name is Ethan. I am a mobile app developer by profession. My hobbies are playing football and PlayStation. Currently, I am working with RV Technologies, a reputed Mobile App Development Company in India. We are proficient in developing mobile games, streaming, delivery, or any app that you are looking for.
spam;A water damage insurance claim has to be appropriately verified. The adjusters can offer that assistance when the claim money is denied. At Onyx Adjusting, you will find the best team to deal with your case. Contact us anytime for trustworthy service. Visit our website for further details.
spam;We are committed to Ayurveda and devoted to patient care! We believe in adding the touch of personal care under the guidance of traditional Ayurvedic for chronic diseases.
spam;My name is James Martin. I am an academic content writer with 6 years of experience. I and my team provide you an online platform where you can hire writers for your Assignment Help in Qatar. We have highly qualified professional writers working with us; they are capable of providing help for your assignments. Our professional writers provide you supreme quality assignments that are error-free and globally accepted by all teachers. If you are a student who is looking for any kind of academic help then you should take the online help for assignment writing. If you have any doubt, ask us. We are always available.
spam;An estate plan plays an important part in taking care of your assets after your death so that your family could have some benefits. For that, hiring a reliable and experienced Kitchener lawyer is necessary. We, at VRS Law, have made will plans for many people, so we recommend you to take our assistance at affordable prices.
spam;My name is Timpaine from New York, US. I have good exposure in writing creative content about printers and their features. On my website, I provide instructions for printer setup, driver download, and troubleshooting issues. If interested, visit my site. 123.hp.com/setup hp smart app download
spam;please do visit my website guys to know more about me .
spam;Hi! Alisah Wilson here, I am an academic assignment writer with 6 years of experience in this field. I am a leader of a team of qualified academic writers with Ph.D and master's degrees. we together offer to students the best assignment help . Our Assignments written by the experts are free from plagiarism and errors. If you want to get assignment help, I recommend taking our help for making your assignments. Contact us and also you can visit the website and buy assignment from experts at a very cost-effective price.
spam;Butyraldehyde, better known as butanal, is an organic compound, which is an aldehyde derivative of butane. It is a member of the class of botanicals consisting of propane bearing a formyl substituent at the 1-position.
spam;I am William Bailey, an Mobile app developer by profession with experience of over 3+ years. Currently, I am a full-time Mobile app developer associated with a leading Mobile app development company in Dubai. Mobile application is a must for businesses trying to efficiently represent their business online. Hire mobile app developer now for building amazing applications to represent your business.
spam;แทงบอลออนไลน์ Bio Gaming แทงบอลออนไลน์ คือ การพนันรูปแบบหนึ่ง โดยการเดาผลการแข่งขันฟุตบอลแต่ละนัด สามารถเข้ามาเดิมพันฟุตบอลได้ไม่ว่าจะอยู่ที่ไหน เวลาใดก็สามารถเข้ามาแทงบอลกันได้ไม่ว่าจะแทงผ่าน โทรศัพท์มือถือหรือผ่านคอมพิวเตอร์ เพียงแค่มีอินเตอร์เน็ตก็สามารถเล่นได้แล้ว การแทงบอลออนไลน์สามารถเล่นทำเงินได้จริงๆ แต่ก็ต้องเล่นด้วยความมีสติ เล่นเพื่อผ่อนคลาย และสนุกกับการเดิมพันเล็กๆน้อยๆ เท่านี้คุณจะรู้สึกสนุกไม่เครียดและยังมีความสุขกับการแทงบอลออนไลน์อีก
spam;At GoldenEgg we assist you to get back your lost share certificates, unclaimed dividends and help with transfer of shares & transmission of shares and reclaim shares from IEPF, forgotten investments, demat of shares, recovering unclaimed dividends, obtaining duplicate share certificates, change of name of shareholder, Address Change, Probate, Succession Certificate and much more.
spam; P2PHelp is an ultra-modern platform that connects people from all over the globe to help each other in need. P2PHelp community has taken a great initiative for transforming society into a healthier, wealthier and happier society.
spam;Europe is anticipated to hold the largest share of the global industrial boiler market due to the adoption of industrial boilers in the food and beverages industry. European governments have brought forth a law pertaining to emission limit values (ELVs) to decrease the levels of harmful gases such as sulfur dioxide (SO2), and nitrogen oxide (NOX) from all combustion plants. This in turn is expected to accelerate the growth of the industrial boiler market. The industrial boiler market in North America is anticipated to expand at a rapid pace over the forecast period due to the rising adoption of industrial boilers in the petrochemicals & power plant industry, which is expected to enhance the growth of the industrial boiler market in the region.
spam;Hello! My name is Devid Stewart, I am working as an education consultant. If you are looking for an assignment help expert, assignment writing service, Assignment Help Melbourne then you must visit My Assignment Helper Online, which is the biggest growing education platform that provides the best-in-class custom assignment help.
spam;We invite the most attractive young Jaipur call girls almost every week and we perform many advancements over them to become most satisfying on the bed. Our first step is to educate them, by every aspect of live performances, and how to satisfy in the most playful way fulfilling every desire of our valuable clients, and also grab few standards.  https://www.jaipurescortsfun.com https://www.jaipurescortsfun.com/ambabari-escorts.html https://www.jaipurescortsfun.com/civil-lines-escorts.html https://www.jaipurescortsfun.com/jagatpura-escorts.html https://www.jaipurescortsfun.com/mansarovar-escorts.html https://www.jaipurescortsfun.com/vaishali-escorts.html https://www.jaipurescortsfun.com/raja-park-escorts.html https://www.jaipurescortsfun.com/malviya-nagar-escorts.html https://www.jaipurescortsfun.com/durgapura-escorts.html https://www.jaipurescortsfun.com/tonk-road-escorts.html https://www.jaipurescortsfun.com/jodhpur-escorts.html https://www.jaipurescortsfun.com/ajmer-escorts.html https://www.jaipurescortsfun.com/pushkar-escorts.html https://www.jaipurescortsfun.com/udaipur-escorts.html https://www.jaipurescortsfun.com/bikaner-escorts.html https://www.jaipurescortsfun.com/kota-escorts.html
spam;There are numerous advantages to using Hot Hair Rollers from BSO, that you may not be aware of. All you need is a heat protectant and you can enjoy the process of curling your hair. Contact details:  Address: 1542 B Lasalle Blvd, Sudbury, ON, Canada,P3A 1Z7  Ph: (705) 524-8225  Email: beautysupplyoutletonline@gmail.com
spam;Our Services:- Scrap Car Removal Oshawa Cash for Cars Oshawa Junk Car Removal Oshawa Cash for junk cars Oshawa Scrap my car Oshawa Scrap my junk car Oshawa   Address-1  Scrap Car Removal | Towing & Junk Cars Removal Oshawa 287 Richmond st E, Oshawa, On, L1G1E6 4375228506 Address-2 Cash for Junk Cars | Scrap Car Removal Etobicoke 2435 Kipling Ave Etobicoke, ON M9V 3A7, Canada 4375228506  Address-3 Cash for Cars | Junk Car Removal | Scrap King Dealer Brampton 69 Davenfield Circle L6P4L9 Brampton Ontario Canada 4167869674  Address-4 Scrap Car Removal | Junk Car | Scrap King Dealer Toronto 185 Taysham Crescent Etobicoke, ON M9V 1X6 Canada 4167869674  Address-5 Scrap Car Removal | Cash for Cars Toronto 155 Sherbourne St, Apt 712 Toronto, ON M5A 3W2 Canada 4375228516  scrapkingdealer@gmail.com
spam;My Moovers, Removalists Frankston has the reputation of being a reliable and affordable moving company with their customers in mind. It's why they've grown so fast and continue to do so. Hire an experienced moving company you can trust. Residential or commercial moving, My Moovers does it all. With over 20 years in the industry and a team of experts on our side makes us the Movers Frankston trusts year after year. We make moving easy and stress-free! Our Company connects you with top-notch movers for any size move. Local, country or interstate, we can get you moving on the right track. Hard-working, professional movers will make your move easy, affordable and stress-free. Get moving today with only the best. Our Removals Frankston have a proven track record and years of experience to back it up. Whether you are moving locally, to the country or even interstate, we can connect you with the best and affordable movers in your area for the desired moving job you need. Trust only the best when it comes to your belongings.
spam;Do you live in New York and you want to know about yoga therapy Param Yoga provides yoga therapy in youth which is a best option for you and it help you to improve your weight if you are troubled by your weight and your If you want to lose weight, then it will help you in that too, contact fat loss therapy New York today.
spam;Shot Blasting is a procedure to clean, strengthen, or polish metal. Shot Blasting Machine is required for shot blasting in almost every industry that uses metal, including automotive, aerospace, foundry, construction, rail, shipbuilding, and many alike. Shot Blasting Technique is used for surface protection and prior-preparation surfaces to further processing such as welding, painting, etc. We at www.shotblasting.org offer world-class and efficient long-term solutions and complete service features for users of shot blasting techniques. These also include new Shot Blasting Machines along with the customized solution. Our experienced team uses its impeccable expertise in the enhancement, design, manufacturing, and distribution of Shot Blasting Equipment.
spam;My Moovers Removalists Caboolture, are industry leaders in relocating households and businesses locally, country and interstate. We know and understand all the complexities that can occur when moving and have all the solutions you need, from removal supplies, storage to packing/unpacking solutions. Your move will never be so easy. Moving is a stressful process. My Moovers Caboolture team is there to work alongside you. Our Company connects you with top-notch movers for any size move. Local, country or interstate, we can get you moving on the right track. Hard-working, professional movers will make your move easy, affordable and stress-free. Get moving today with only the best. Our Removals Caboolture have a proven track record and years of experience to back it up. Whether you are moving locally, to the country or even interstate, we can connect you with the best and affordable movers in your area for the desired moving job you need. Trust only the best when it comes to your belongings.
spam;McAfee Active Response is a leading innovation in finding and responding to advanced threats. McAfee Active Response Details for more details 18888328409 mcafee.com/activate Mcafee Active Mcafee Setup  Install Mcafee
spam;It is a very common problem for men to not be able to survive for a long period during lovemaking with their partners. Delhi Escorts make their clients survive for a longer period of time with them in bed. I am Anshu Khan and you know about the quality lovemaking with call girls. If you can’t make it longer then you would not be able to make your girl satisfied in bed. If you can’t satisfy your partner then what is the point of making love. Everyone seeks pleasure and satisfaction with me. I never leave my customers without fulfilling their expectations. My mantra for my customers is that do not leave the battle without fighting. If you are in the hands of Delhi Escorts Service then you will win the battle. I will bring some innovations in lovemaking that will inspire you to go long. If you can stay longer in bed with your partner then it gives you immense confidence for future projects. This project of making love with me will be a booster for your entire sex life. You are just a phone call away from getting your life back on track. Everything will be falling in place for you in your sex life after making love with me.    https://www.delhiescorts.club/
spam;Advanced Non Destructive Testing for Internal Defects, Abnormalities, Shape & Structure. Non-destructive testing is an inspection procedure used to easily inspect an object for internal defects, etc. Standard candidates for Non- destructive testing comprises of casting, welding, railways, buildings, aircraft, bridges, concrete, underground pipelines, and several sorts of factory equipment. Sigma industrial devices are world-class and recognized as high-performance possession units and are used in our combined Non-destructive testing methods as well as by several system integrator partners located across the country. For more information, one can reach us at +91 - 95 60 222 333 and avail valid information.
spam;Atlas Office Solution is the best provider of toner Regina and Saskatchewan. it provides the all types of printer repair, Hp Toner and all other services in Regina at an reasonable price. Buy online at lowest prices on compatible and original ink and Cartridge for printer repair services, brands as HP, Brother, Canon, Epson, Samsung, Lexmark, Xerox, Pantum, Cartridge for printer Repair, Repair Service Printer, Refill toner repair, Refill ink repair, network repair services on Atlas Office Solution. For More detail Contact Now! 3065913466
spam;The websites are the first impression to engage with targeted customers. Our developer's creativity and years of experience make us one step ahead of our competitors. Contact Compny, a Website Development Toronto agency for building websites for your business.   Address- 4243C Dundas Street West Unit # 31 Etobicoke, ON M8X 1Y3 Canada Phone no. 6472812926 Email - hello@compny.co Working Hours – Mon to Fri – 9 am to 6 pm
