spam;Neha Gupta Hello friend, I have read your web page. Really it is relevant to dedicated subject. Keep it continue with this website. My name is Neha Gupta. I am a Mumbai independent female model. I am very hot and sexy girl. I deal in Mumbai Escort Service. I provide my Mumbai premium services in five star hotels. I am available for outcall and in call in lowest price. If you want to book my service kindly contact me through my website.  https://www.nehagupta.org/andheri-escorts/ https://www.nehagupta.org/vile-parle-escorts/
spam;Matthew wright    Coming up short on Reloading supplies? Are you looking to purchase <a href = “https://alphahorizonarmory.com/product-category/primers/” rel= “ do follow”> primers</a> and <a href = “https://alphahorizonarmory.com/product-category/primers/reloading-powder/rel= “ do follow”> reloading powders</a>, <a href = “https://alphahorizonarmory.com/product-category/rifle-ammo/” rel= “ do follow”> rifle ammo</a>, <a href = “https://alphahorizonarmory.com/product-category/handgun-ammo/” rel= “ do follow”> Handgun Ammo</a>, <a href = “https://alphahorizonarmory.com/product-category/shotgun-ammo/” rel= “ do follow”> Shotgun Ammo</a>Then <a href = “https://alphahorizonarmory.com/” rel= “ do follow”> Alpha Horizon Armory</a> is at your service with competitive prices. <a href = “https://alphahorizonarmory.com/product/hodgdon-powder-h1000-8lb/” rel= “ do follow”> Buy h1000 in stock</a>
spam;Matthew wright    Coming up short on Reloading supplies? Are you looking to purchase <a href = “https://alphahorizonarmory.com/product-category/primers/” rel= “ do follow”> primers</a> and <a href = “https://alphahorizonarmory.com/product-category/primers/reloading-powder/rel= “ do follow”> reloading powders</a>, <a href = “https://alphahorizonarmory.com/product-category/rifle-ammo/” rel= “ do follow”> rifle ammo</a>, <a href = “https://alphahorizonarmory.com/product-category/handgun-ammo/” rel= “ do follow”> Handgun Ammo</a>, <a href = “https://alphahorizonarmory.com/product-category/shotgun-ammo/” rel= “ do follow”> Shotgun Ammo</a>Then <a href = “https://alphahorizonarmory.com/” rel= “ do follow”> Alpha Horizon Armory</a> is at your service with competitive prices. <a href = “https://alphahorizonarmory.com/product/hodgdon-powder-h1000-8lb/” rel= “ do follow”> Buy h1000 in stock</a> <a href = “https://alphahorizonarmory.com/product/federal-100-small-pistol-primer-5000ct/” rel= “ do follow”> buy fed
spam;little <a href=https://www.infobrez.com/document-management-software>Nice</a> comment.
spam;Matthew wright    Coming up short on Reloading supplies? Are you looking to purchase <a href = “https://alphahorizonarmory.com/product-category/primers/” rel= “ do follow”> primers</a> and <a href = “https://alphahorizonarmory.com/product-category/primers/reloading-powder/rel= “ do follow”> reloading powders</a>, <a href = “https://alphahorizonarmory.com/product-category/rifle-ammo/” rel= “ do follow”> rifle ammo</a>, <a href = “https://alphahorizonarmory.com/product-category/handgun-ammo/” rel= “ do follow”> Handgun Ammo</a>, <a href = “https://alphahorizonarmory.com/product-category/shotgun-ammo/” rel= “ do follow”> Shotgun Ammo</a>Then <a href = “https://alphahorizonarmory.com/” rel= “ do follow”> Alpha Horizon Armory</a> is at your service with competitive prices. <a href = “https://alphahorizonarmory.com/product/hodgdon-powder-h1000-8lb/” rel= “ do follow”> Buy h1000 in stock</a> <a href = “https://alphahorizonarmory.com/product/federal-100-small-pistol-primer-5000ct/” rel= “ do follow”> buy fed
spam;Gianna Lopez Greatssignmenthelper.com Online assignment help services offer you flawless grades effectiveness at the most moderate rates. What's more, this is the fundamental motivation behind why you should exploit our assignment help. More than quite a while, we have been offering our projects to a great many understudies. https://greatassignmenthelper.com/finance-assignment-help/ https://greatassignmenthelper.com/managerial-accounting-assignment-help/ https://greatassignmenthelper.com/capital-budgeting-assignment-help/  https://greatassignmenthelper.com/activity-based-accounting-assignment-help/
spam;little <a href=https://www.infobrez.com/document-management-software>Horse</a> is the look pretty.
spam;mike taylor Greatassignmenthelper.com  board of experts are accessible nonstop to offer Law assignment help. We are at your services at whatever point you need writing help, no inquiries posed. Our way of thinking of being accessible nonstop comes from our arrangement that learning ought to never stop and by offering every minute of every day help, we are doing our bit to assist you with learning better and work on your grades. https://greatassignmenthelper.com/law-assignment-help/
spam;manoj best assignment helper-fullassignment.com onliner assignment help		 	best assignment helper-fullassignment.com onliner assignment help	 	 are you looking for expert for your  assignmentwriting we are one of them best assignment helper,for more info please visit site fullassignment.com	 	https://myallassignmenthelp.com/	 	assignment helper
spam;John Mathews Did you know about how to Fix QuickBooks Error Code 1904 when Installing? If your answer is no. Then no issues, we're right here to give complete information which is really helpful to you. Just visit us and read our full article. Article link: https://bit.ly/3BzDAMu
spam;Gianna Lopez <a href=https://greatassignmenthelper.com/ie/> Assignment   Help </a> provided by Greatassignmenthelper.com is a platform where students can avail excellent assignment writing services for various courses by expert guidance. Our experts are profound and well skilled in their respective fields. Therefore, you can rely on our Best assignment help without a doubt.
spam;Admiral Casino Login If you do not have your account registered on Admiral Casino Games Biz Usa, you can create new account or id you forgot your password, you can reset it to Simply Visit Here: Admiral Casino Login https://bit.ly/3jsyWsW
spam;Gianna Lopez Excellent idea. You have my vote Spirit of Christmas must be kept alive and helping and providing for others is such a noble idea. <a href=https://greatassignmenthelper.com/ie/> Assignment   Help </a> at Great Assignment Helper is also a similarly wonderful initiative. Do check it out.
spam;kledo5 The <a href=https://drift-hunters.co>Drift Hunters</a> game is intended for fun only, don’t practice these actions in real life as it endangers your life and the lives of others.
spam;MichaelFinn looking for reliable writing service or someone who can <a href=https://www.irishassignmenthelp.com/do-my-assignment>help to do my assignment homework</a> online at affordable rates. as I am busy doing my job and did not get time to complete my homework task on time.
spam;Ashley Ray https://www.buzy-beez.co.uk/online/blog/intl-en/wells-fargo-login/
spam;markjohn123123 <a href=https://tangent.com/engl/facebook-login/>facebook login</a>
spam;markjohn123123 <a href=https://www.iif.edu/en/hotmail-login/>hotmail</a>
spam;SKY Rand mcnally updates <p>To follow accurate and exact navigation on your </p><p><a href=https://mydashupdates.com/ target=_blank>in-dash GPS</a>, get the right maps and directions on your next journey, navigate safely &amp; efficiently, know about terrain contours &amp; elevation, or reach attractions and your all journeys, hotels &amp; restaurants you desire detailed and updated maps. My Dash updates being the reliable companion on every road trip, help you get everything said so far.<strong> Call us now - +1-413-570-7624</strong></p><p><br></p><p><br></p><p><strong><span class=ql-cursor>﻿</span></strong></p><p><strong><br></strong></p>
spam;Raphael You have done a amazing job with you website	<a href=https://www.cloudzat.com/how-to-start-a-blog/>How to Start a Blog</a>
spam;topnftmarketplace Colexion is Asia's largest NFT Marketplace, if You are looking for an NFT Art Marketplace Website, go and Explore Colexion! Check out its recent offer, discover and collect truly unique and premium digital creatives from the world's best artists. <a href=https://colexion.io/>Buy NFT </a> Exclusively on Colexion
spam;Raphael Nice blog. Found this while searching through	<a href=https://www.cloudzat.com/peacock-free-trial/>peacock free trial</a>
spam;Blocked user Children should be provided with these activities every now & then, to make them refresh enough to think of creative ideas. I help the struggling students by offering the <a href=https://thesiswritinghelp.com.pk/assignment-help>assignment help service near me</a> so that I can cover a greater amount of area.
spam;Nick Parker   Assignment Help Saint Petersburg <p><strong>Essay helper in Saint Petersburg can help you comprehend the complexities of coursework assignments.</strong></p><p><strong>D</strong>o you need help with an online assignment in Saint Petersburg? Students can now learn the intricacies of essay writing from reputable online assignment help providers. Each project, whether it's a dissertation, an essay, or a thesis paper, is prepared by a team of qualified dissertation writers. They also make certain that the content used to complete the project is from credible sources and that each essay is unique, free of plagiarism, and error-free.</p><p>We understand how critical it is for your <a href=https://sourceessay.com/diploma-certification-courses/certificate-iv-in-building-and-construction-building/ target=_blank><strong>building and construction assignment help sydney</strong></a> to be accepted, as well as the time and effort required to complete the essay. As a result, we provide students with a team of specialists who not only assist students with the dissertation writing process, but also edit their projects to ensure they meet university guidelines.</p><p>For students with limited knowledge, obtaining online homework assistance may be difficult. Because it requires students to delve deeply into the subject and extract pertinent information. The most difficult aspect of writing an essay is that the vast majority of the information used to construct it is taken from previously published works. As a result, if the essay is not properly referenced using the required referencing style, it is likely to be plagiarised. This raises the chances of it being rejected.</p><p>Do you require assistance with your essays and homework? Source Essay now provides online assignment assistance to students in Saint Petersburg. All tasks are written by subject matter experts, according to a group of competent professionals. SourceEssay, a Saint Petersburg-based college essay writing service, now offers students with<strong> </strong><a href=https://sourceessay.com/online-assignment-help-assistance/assignment-help/ target=_blank><strong>assignment help Saint Petersburg</strong></a>. The projects were completed successfully thanks to a team of highly skilled essay rewriters in Saint Petersburg.</p><p><br></p><p><br></p><p><br></p><p><br></p><p><strong> </strong></p><p><br></p>
spam;Raphael A good blog always comes-up with new and exciting information and while reading I have feel that this blog is really have all those quality that qualify a blog to be a one.	<a href=https://bluestarremodelingil.com>https://bluestarremodelingil.com</a>
spam;Raphael We are tied directly into the sate’s renewal database which allows us to process your request almost instantly. 	<a href=https://www.wilmerspainting.com>https://www.wilmerspainting.com</a>
spam;Raphael I would recommend my profile is important to me, I invite you to discuss this topic...	<a href=https://newhorizonstreeservice.com>https://newhorizonstreeservice.com</a>
spam;Raphael I have read your article; it is very informative and helpful for me. I admire the valuable information you offer in your articles. Thanks for posting it.	<a href=https://crownleaftreeservices.com>https://crownleaftreeservices.com</a>
spam;Raphael After reading your article I was amazed. I know that you explain it very well. And I hope that other readers will also experience how I feel after reading your article.	<a href=https://www.napervilleinspector.com>https://www.napervilleinspector.com</a>
spam;Raphael I found Hubwit as a transparent s ite, a social hub which is a conglomerate of Buyers and Sellers who are ready to offer online digital consultancy at decent cost.	<a href=https://jvstreeservice.com>https://jvstreeservice.com</a>
spam;zvonekmc Can determine the amount of experience a provider has in the relevant field of competence after reviewing the <a href=https://ukbestessays.org/studentsassignmenthelp-review>students assignment help</a>. Students choose experienced professionals with a lot of expertise for a reason. This is due to the fact that these professionals can provide assurance.
spam;Raphael Great post! I am actually getting ready to across this information, is very helpful my friend. Also great blog here with all of the valuable information you have. Keep up the good work you are doing here.	<a href=https://www.swsiding.com>https://www.swsiding.com</a>
spam;Raphael This is really very nice post you shared, i like the post, thanks for sharing..	<a href=https://www.treeaurora.com>https://www.treeaurora.com</a>
spam;Raphael I really enjoy reading and also appreciate your work.	<a href=https://legenddrywall.com>https://legenddrywall.com</a>
spam;Nick Garjiya Mandir Ramnagar, Uttarakhand <p>·&nbsp;&nbsp;&nbsp;&nbsp;&nbsp;&nbsp;&nbsp;<a href=https://www.templeduniya.com/garjiya-mandir/ target=_blank><strong>Garjiya Mandir Ramnagar Uttarakhand</strong></a><strong> is an ancient temple and one of the Shaktipeeth in India, located in the middle of the Kosi River and dedicated to the goddess Girjia (which literally means the daughter of the mountain, the name of Parvati, the wife of Lord Shiva).</strong></p><p>·&nbsp;&nbsp;&nbsp;&nbsp;&nbsp;&nbsp;&nbsp;<strong>It is situated in Garjiya village of Ramnagar at Nainital district of Uttarakhand.</strong></p><p>·&nbsp;&nbsp;&nbsp;&nbsp;&nbsp;&nbsp;&nbsp;<strong>It is very famous temple of Uttarakhand and one of the oldest Devi temples in India.</strong></p><p>·&nbsp;&nbsp;&nbsp;&nbsp;&nbsp;&nbsp;&nbsp;<strong>The mandir is near Corbett National Park on the way to the Dhikhala zone and museum.</strong></p><p>·&nbsp;&nbsp;&nbsp;&nbsp;&nbsp;&nbsp;&nbsp;<strong>Inside the temple, “Maa Garjiya sits in the center of the temple, adorned with red gold chunri, floral ornaments and garlands, and bless all the bhakts who come to meet her“.</strong></p><p>·&nbsp;&nbsp;&nbsp;&nbsp;&nbsp;&nbsp;&nbsp;<strong>The temple always remain open for its devotee throughout the year.</strong></p><p>·&nbsp;&nbsp;&nbsp;&nbsp;&nbsp;&nbsp;&nbsp;<strong>To get to the top of the temple, you have to climb a steep staircase and there you can see the 4.5 feet tall Garjiya Devi idol. There is an idol of Garjiya Devi, 4.5 feet high, as well as idols of Devi Saraswati, Lord Ganesha and Batuka Bhairava.</strong></p><p>·&nbsp;&nbsp;&nbsp;&nbsp;&nbsp;&nbsp;&nbsp;<strong>In </strong><a href=https://www.templeduniya.com/garjiya-mandir/ target=_blank><strong>Garjiya Mandir</strong></a><strong>, there is also the statue of Laxminarayan which is many years old.</strong></p>
spam;Raphael A good blog always comes-up with new and exciting information and while reading I have feel that this blog is really have all those quality that qualify a blog to be a one	<a href=https://www.cloudzat.com/paramount-plus-free-trial/>Paramount Plus Free Trial</a>
spam;joseanthony Tasks are the most essential things for each student. To make a feasible task each student needs to peruse up for expanded periods as well as need to do an investigation on various papers. However, it is hard to do it in a little tenure. Henceforth to complete the task inside minimum time-span a student needs to take help from <b><a href=https://www.greatassignmenthelp.com/ae/ rel=dofollow>Assignment help service</a></b> locales. Those web-based sites have experts who are from various subjects as well as qualified and proficient. Henceforth they have epic data about the task paper creating. Students are furthermore now outstanding with respect to how to create an assignment paper by taking help from various papers by avoiding duplicating. The experts in those web-based locales know concerning this copyright section. The specialists ensure all students give splendid substance alongside sufficient data inside predestined time term. The expert from <b>assignment help service UAE</b> s
spam;alexanderdaniel Hi! It is neither easy nor difficult to write a thesis proposal. It all comes down to focusing on research and completing the best proposal possible before the deadline. As a result, many students struggle to write a thesis proposal, which necessitates extensive field research. Aside from time constraints, some lecturers prefer an accurate format as well as scholarly references with little to no plagiarism. When it comes to meeting the drought criteria with original, nonfiction work, it's critical to enlist the help of someone you can trust. You can also use our <b><a href=https://www.greatassignmenthelp.com/thesis-proposal-help/ rel=dofollow>online thesis proposal help</a></b> to assist you in writing a thesis proposal. You do not have to face the same difficulties as your classmates and superiors. We understand how to complete real work with the assistance of experts.
spam;machansaly hello  <a href=https://iogames-free.com>io games</a>
spam;alexjoe We have wide knowledge about accounting and can help solve any type of problems that you go through. Hence, use our help to ace your <a href='https://accountinghomeworkhelps.com'>accounting homework help</a> We offer our magical service of doing <a href='https://accountinghomeworkhelps.com/accounting-assignment-help/'>accounting assignment</a> everyone no matter if you are in college or school. We have the right set of people who will be able to give you the best answers. There are tons of different people who are in Need help with accounting homework. This is why we are now here with our services. We help students no matter where they live with their accounting homework.
spam;lillianethan Studying finance by you can be quite difficult. If you are finding it difficult to complete your assignments then we got you cover up. You can avail <a href='https://financeassignmentshelp.com'>help with finance assignment for me</a> many students are not able to understand the topics. Keeping that in mind Finance Assignment Help provides Well if you want to avoid that you can rely on us. <a href='https://financeassignmentshelp.com/corporate-finance-assignment-help/'>corporate finance homework help</a> our solutions you will definitely have a perfect grip on the subject We assure you that our work is original because plagiarism is a crime.
spam;lilyjacob987 In the academic life of the students the case study has always played a significant role. If you want to share new information then it is ideal. Case studies require a lot of time, so students find it quite difficult We will provide you some quality work that will be <a href='https://www.thecasestudysolutions.com/case-study-help-online/'>case study writing</a> helpful for you. You can obtain case study writing service online from, so contact us now. <a href='https://www.thecasestudysolutions.com/do-my-case-study/'>pay someone to do my case study</a> provide unique services at affordable prices so you can rely on us. The students need someone that can provide them quality Sometimes the assignments of the students is wasted due to timing issues. Everyone does not provide full services.
spam;Colin In this post we will be throwing light, <a href=https://latestentertainments.com/beach-vacation/>Beach Vacation</a>  on the list of high DA commenting sites.
spam;Raphael <a href=https://www.sfdsdf.com/>dsgsdf</a>
spam;Raphael I wanted to leave a little comment to support you and wish you a good continuation. Wishing you the best of luck for all your blogging efforts.	<a href=https://www.cloudzat.com/antivirus-software/>best antivirus software</a>
spam;Suraya Resa till Skara Sommarland <p><strong>Vad och hur:</strong> Beskriv ditt förslag! Vad behövs för att genomföra förslaget?</p><p>Åka buss till Skara Sommarland tillsammans med grannarna.</p><p><strong>Vart:</strong> I vilket område? Har du förslag på en speciell plats?</p><p><br></p><p><strong>Vilka:</strong> Vilka kommer kunna använda det du beskriver i ditt förslag?</p><p>Hyresgäster</p><p><br></p><p><br></p>
spam;Raphael Hello! I just wish to give an enormous thumbs up for the nice info you've got right here on this post. I will probably be coming back to your weblog for more soon!	<a href=https://www.caledonplumbing.com>https://www.caledonplumbing.com</a>
spam;Raphael If it's not too much trouble share more like that.	<a href=https://www.elitecustomstile.com>https://www.elitecustomstile.com</a>
spam;Raphael Took me time to read all the comments, but I really enjoyed the article. It proved to be Very helpful to me and I am sure to all the commenters here! It’s always nice when you can not only be informed, but also entertained!	<a href=https://www.jandjbrothersremodelingandconstruction.com>https://www.jandjbrothersremodelingandconstruction.com</a>
spam;Raphael Thank you for the post. I will definitely comeback.	<a href=https://www.familytreelandscapers.com>https://www.familytreelandscapers.com</a>
spam;Raphael I was very pleased to find this site.I wanted to thank you for this great read!! I definitely enjoying every little bit of it and I have you bookmarked to check out new stuff you post.	<a href=https://www.cloudzat.com/best-popular-wordpress-themes/>Best WordPress Themes</a>
spam;Raphael Please give some advice on how to achieve this kind of posts.	<a href=https://www.cloudzat.com/digital-real-estate/>What Is Digital Real Estate</a>
spam;Raphael I wanted to leave a little comment to support you and wish you a good continuation. Wishing you the best of luck for all your blogging efforts.	<a href=https://www.cloudzat.com/creative-fabrica-review/>CreativeFabrica</a>
spam;Raphael I would recommend my profile is important to me, I invite you to discuss this topic...	<a href=https://www.cloudzat.com/qustodio-review/>Qustodio</a>
spam;Raphael This website is remarkable information and facts it's really excellent	<a href=https://www.cloudzat.com/pixieset-review/>Pixieset</a>
spam;Raphael First You got a great blog .I will be interested in more similar topics. i see you got really very useful topics, i will be always checking your blog thanks.	<a href=https://www.cloudzat.com/greengeeks-web-hosting-review/>GreenGeeks</a>
spam;Raphael I am always searching online for articles that can help me. There is obviously a lot to know about this. I think you made some good points in Features also. Keep working, great job !	<a href=https://www.cloudzat.com/mozilla-vpn-review/>Mozilla VPN</a>
spam;Raphael Going to graduate school was a positive decision for me. I enjoyed the coursework, the presentations, the fellow students, and the professors. And since my company reimbursed 100% of the tuition, the only cost that I had to pay on my own was for books and supplies. Otherwise, I received a free master’s degree. All that I had to invest was my time.	<a href=https://www.cloudzat.com/google-password-manager-review/>Google Password Manager</a>
spam;Raphael This is very useful post for me. This will absolutely going to help me in my project.	<a href=https://www.cloudzat.com/totalav-antivirus-review/>TotalAV Antivirus</a>
spam;Raphael This is very useful post for me. This will absolutely going to help me in my project.	<a href=https://www.cloudzat.com/buzzsumo-review/>buzzsumo</a>
spam;Raphael Welcome to the party of my life here you will learn everything about me.	<a href=https://www.cloudzat.com/goodsync-review/>GoodSync</a>
spam;Raphael Easily, the article is actually the best topic on this registry related issue. I fit in with your conclusions and will eagerly look forward to your next updates. Just saying thanks will not just be sufficient, for the fantasti c lucidity in your writing. I will instantly grab your rss feed to stay informed of any updates.	<a href=https://www.cloudzat.com/ewww-image-optimizer-review/>EWWW</a>
spam;Raphael Your work is very good and I appreciate you and hopping for some more informative posts	<a href=https://www.cloudzat.com/icedrive-review/>Icedrive</a>
spam;Raphael Thanks for sharing this information. I really like your blog post very much. You have really shared a informative and interesting blog post with people..	<a href=https://www.cloudzat.com/mega-nz-cloud-storage-review/>mega nz</a>
spam;winningstraw Prepare to Set Sail on Your Own Private Cruise? <p><strong>If you're looking for a more laid-back multi-generational vacation, consider Croatia, where Wanda S. Radetti of Tasteful Croatian Journeys recommends a private boat rental. Among the amenities on board, she mentions the Lagoon Seventy 7 catamaran, which has four big staterooms and a great common area. While the adults relax on the deck with a </strong><a href=https://dordle.io target=_blank><strong>dordle</strong></a><strong> glass of Poip, a crisp white wine, the children may swim off the stern of the boat. The yacht's chef will prepare all of the meals in between trips to fortified medieval cities and fishing villages, and he will also take care of cleaning up after himself and his crew.</strong></p>
spam;Raphael You have done a amazing job with you website	<a href=https://jumpstreet.org/fubotv-free-trial/>FuboTV Free Trial</a>
spam;Raphael I recently found many useful information in your website especially this blog page. Among the lots of comments on your articles. Thanks for sharing.	<a href=https://jumpstreet.org/download-youtube-videos/>How to Download YouTube Videos</a>
spam;Raphael I would recommend my profile is important to me, I invite you to discuss this topic...	<a href=https://www.cloudzat.com/namehero-review/>Namehero</a>
spam;Raphael I would like to thank you for the efforts you have made in writing this article. I am hoping the same best work from you in the future as well. In fact your creative writing abilities has inspired me to start my own Blog Engine blog now. Really the blogging is spreading its wings rapidly. Your write up is a fine example of it.	<a href=https://www.cloudzat.com/how-brickseek-works/>BrickSeek</a>
spam;Raphael This website and I conceive this internet site is really informative ! Keep on putting up!	<a href=https://www.cloudzat.com/ahrefs-review-user-guide/>Ahrefs</a>
spam;Raphael Three are usually cheap Ralph Lauren available for sale each and every time you wish to buy.	<a href=https://www.cloudzat.com/seo-tools/>best SEO tools</a>
spam;Raphael When your website or blog goes live for the first time, it is exciting. That is until you realize no one but you and your.	<a href=https://www.cloudzat.com/ubersuggest-review/>Ubersuggest</a>
spam;Raphael It's really nice and meanful. it's really cool blog. Linking is very useful thing.you have really helped lots of people who visit blog and provide them usefull information.	<a href=https://www.cloudzat.com/peacock-free-trial/>Paramount Plus Free Trial</a>
spam;thisisemilyblunt Trivas is our tenant magazine that is published four times a year. <a href=https://www.voucherpro.co.uk/bathroomwall.com>Bathroom Wall Discount Code</a> Here you will find news, report and inspiration.
spam;machansaly https://iogames-free.com
spam;Frank Jnot Great post. Very interesting and informative. Completely awesome posting! Thanks https://heardlegame.net/
spam;Frank Jnot Great post. Very interesting and informative. Completely awesome posting! <a href=https://heardlegame.net/>heardle</a> Thanks
spam;Mathew23 Bra idé, det här kommer att bli en ny lekplats för barnen, men vi måste överväga för att göra det säkert för barn, du kan se fler av mina idéer på: https://wordhurdle.co
spam;Raphael Three are usually cheap Ralph Lauren available for sale each and every time you wish to buy.	<a href=https://www.cloudzat.com/peacock-free-trial/>peacock premium free trial</a>
spam;Raphael This website and I conceive this internet site is really informative ! Keep on putting up!	<a href=https://www.cloudzat.com/namehero-review/>Namehero</a>
spam;zvonekmc Students may engage the top essay writing specialists through the <a href=https://essaysservicesreviews.com/speedy-paper-review>speedypaper reviews</a>, who will assist them with the highest quality tasks. The experts have years of expertise in the field if the students pick seasoned professionals.
spam;Raphael I am always searching online for articles that can help me. There is obviously a lot to know about this. I think you made some good points in Features also. Keep working, great job !	<a href=https://jumpstreet.org/mothers-day-2022/>When Is Mother’s Day</a>
spam;Sylvia Hendren We have on board domain experts who are PhD holders from renowned universities across the globe, and we exclusively offer top notch Assignment Help Our experts have tremendous experience in furnishing excellent quality <a href=https://greatassignmenthelper.com/hk/>Online Assignment Help</a> within the shortest of deadlines. Our Assignment Helper consistently furnish bespoke and non-plagiarized work that fetch excellent grades too. You save a ton of time to prepare well for your term-end exams by seeking the amazingly affordable Help with My Assignment.
spam;Raphael I curious more interest in some of them hope you will give more information on this topics in your next articles.	<a href=https://jumpstreet.org/hulu-free-trial/>Hulu Free Trial</a>
spam;Raphael I curious more interest in some of them hope you will give more information on this topics in your next articles.	<a href=https://www.cloudzat.com/liquid-web-hosting-review/>Liquid Web review</a>
spam;Raphael Super site! I am Loving it!! Will return once more, Im taking your food likewise, Thanks.	<a href=https://jumpstreet.org/putlocker/>Putlocker</a>
spam;Raphael First You got a great blog .I will be interested in more similar topics. i see you got really very useful topics, i will be always checking your blog thanks.	<a href=https://jumpstreet.org/peacock-tv-free-trial/>Peacock Premium</a>
spam;Blocked user While reviewing the <a href=https://www.bestcustomwriting.com/writing-services>writing service online</a>, students should search for certain phrases, since some essay reviews frequently use keywords like me and I, implying that they are attempting to establish credibility and gain confidence. Genuine customers or users like nouns because they want to be honest.
spam;Raphael This is a wonderful article, Given so much info in it, These type of articles keeps the users interest in the website, and keep on sharing more ... good luck.	<a href=https://www.cloudzat.com/cloudflare-review/>what is cloudflare</a>
spam;hermanlam love this <a href=https://snowrider3d.com>snow rider 3d</a>
spam;respectstoat Hello Suraya, what does this mena? https://octordle.io
spam;brashhunter i love winter  https://gmailguide.io
spam;brashhunter Three participants in the Mixgrden träffen left a post-it note on April 1st requesting to go to Gröna Lund. https://drift-boss.io
spam;hermanlam https://snowrider3d.com
spam;Mathew23 Jag tycker att det här projektet är ganska intressant, som fotbollsälskare stöder jag starkt organisationen av denna fotbollsturnering https://fnfonline.co/
spam;James Your desire, excitement, and aspiration are heard, go https://1depositcasinouk.com/ . Try your luck and share your emotions. Don't forget who risks wins.
spam;James Your desire, excitement, and aspiration are heard, go https://www.1depositcasinonz.com/ . Try your luck and share your emotions. Don't forget who risks wins.
spam;James Your desire, excitement, and aspiration are heard, go http://casinoschileonline.com/ . Try your luck and share your emotions. Don't forget who risks wins.
spam;James Your desire, excitement, and aspiration are heard, go https://www.1depositcasinocanada.com/ . Try your luck and share your emotions. Don't forget who risks wins.
spam;Raphael I adore your websites way of raising the awareness on your readers.	<a href=https://jumpstreet.org/kartra-review/>Kartra Review</a>
spam;Raphael I recently found many useful information in your website especially this blog page. Among the lots of comments on your articles. Thanks for sharing.	<a href=https://jumpstreet.org/hbo-max-free-trial/>HBO Max free trial</a>
spam;Colemon Serge Online TV Channel 2022 <p><a href=https://storiescover.com/ target=_blank><u>https://storiescover.com/</u></a> </p><p><a href=https://storiescover.com/ target=_blank><u><br></u></a></p><p><a href=https://thenewsable.com/ target=_blank><u>https://thenewsable.com/</u></a> </p><p><a href=https://storiescover.com/ target=_blank><u><br></u></a></p><p><a href=https://daily-worlds.com/ target=_blank><u>https://daily-worlds.com/</u></a> </p><p><a href=https://storiescover.com/ target=_blank><u><br></u></a></p><p><a href=https://covenewsportal.com/ target=_blank><u>https://covenewsportal.com/</u></a> </p>
spam;defensecoalore Chet Holmgren of Gonzaga, who is projected to be a top-three pick in the NBA Draft, has declared for the draft. <p>In only one season, Gonzaga big man Chet Holmgren went from being a highly regarded high school standout to being one of the most promising prospects in college basketball. In the meanwhile, he is preparing to take his abilities to the next level.</p><p>In an interview with ESPN's Adrian Wojnarowski on Monday, the first-team All-WCC performer declared his plan to <a href=https://playtictactoe.io target=_blank>play tic tac toe</a> enter the 2022 NBA draft. It is largely predicted that Holmgren, 19, will be selected in the first three rounds of the draft on June 23.</p><p>In the words of Holmgren, after a season in which we did a lot of amazing things as a team and as individuals, I feel like I'm in a position to be able to pursue my longtime ambition of playing in the NBA. Holmgren will now join fellow star Drew Timme in the NBA's prospect pool.</p><p>With a five-star recruiting class that included national high school player of the year honors only one year before, Holmgren built up an impressive list of honors in his lone season with the Bulldogs. A standout defensive player in the Western Conference, he was selected Defensive Player of the Year and Newcomer of the Year, as well as being named to the conference's All-Freshman team. Besides that, he was a two-time All-American who finished as a finalist for the Naismith Defensive Player of the Year award as well as a semifinalist for National College Player of the Year award.</p><p><br></p><p><br></p><p><br></p><p><br></p><p><br></p><p><br></p>
spam;sugarscare Welcome to a meeting at Mixgården! There will be snacks and other fun happening. https://flagle.onl
